source_file,line,target,resolved_path
pages/auth/LogIn.html,11,../assets/pictures/gemini_generated_image_yvrl7oyvrl7oyvrl.png,pages/assets/pictures/gemini_generated_image_yvrl7oyvrl7oyvrl.png
pages/auth/LogIn.html,12,../assets/css/general-styling.css,pages/assets/css/general-styling.css
pages/auth/LogIn.html,13,../assets/js/juba-homez.js,pages/assets/js/juba-homez.js
pages/auth/LogIn.html,56,../assets/pictures/gemini_generated_image_yvrl7oyvrl7oyvrl.png,pages/assets/pictures/gemini_generated_image_yvrl7oyvrl7oyvrl.png
pages/auth/Reset_Password.html,11,../assets/pictures/gemini_generated_image_yvrl7oyvrl7oyvrl.png,pages/assets/pictures/gemini_generated_image_yvrl7oyvrl7oyvrl.png
pages/auth/Reset_Password.html,12,../assets/css/general-styling.css,pages/assets/css/general-styling.css
pages/auth/Reset_Password.html,13,../assets/js/juba-homez.js,pages/assets/js/juba-homez.js
pages/auth/Reset_Password.html,43,../assets/pictures/gemini_generated_image_yvrl7oyvrl7oyvrl.png,pages/assets/pictures/gemini_generated_image_yvrl7oyvrl7oyvrl.png
pages/auth/SgnUp.html,11,../assets/pictures/gemini_generated_image_yvrl7oyvrl7oyvrl.png,pages/assets/pictures/gemini_generated_image_yvrl7oyvrl7oyvrl.png
pages/auth/SgnUp.html,12,../assets/css/general-styling.css,pages/assets/css/general-styling.css
pages/auth/SgnUp.html,13,../assets/js/juba-homez.js,pages/assets/js/juba-homez.js
pages/auth/SgnUp.html,50,../assets/pictures/gemini_generated_image_yvrl7oyvrl7oyvrl.png,pages/assets/pictures/gemini_generated_image_yvrl7oyvrl7oyvrl.png
pages/brokers/Brokers.html,11,../assets/pictures/gemini_generated_image_yvrl7oyvrl7oyvrl.png,pages/assets/pictures/gemini_generated_image_yvrl7oyvrl7oyvrl.png
pages/brokers/Brokers.html,12,../assets/css/general-styling.css,pages/assets/css/general-styling.css
pages/brokers/Brokers.html,13,../assets/js/juba-homez.js,pages/assets/js/juba-homez.js
pages/brokers/Brokers.html,21,../assets/pictures/gemini_generated_image_yvrl7oyvrl7oyvrl.png,pages/assets/pictures/gemini_generated_image_yvrl7oyvrl7oyvrl.png
pages/brokers/Brokers.html,39,../assets/pictures/broker1.jpg,pages/assets/pictures/broker1.jpg
pages/brokers/Brokers.html,46,../assets/pictures/broker2.jpg,pages/assets/pictures/broker2.jpg
pages/brokers/Brokers.html,53,../assets/pictures/broker3.jpg,pages/assets/pictures/broker3.jpg
pages/brokers/Brokers.html,60,../assets/pictures/broker4.jpg,pages/assets/pictures/broker4.jpg
pages/brokers/BrokersDashboard.html,11,../assets/pictures/gemini_generated_image_yvrl7oyvrl7oyvrl.png,pages/assets/pictures/gemini_generated_image_yvrl7oyvrl7oyvrl.png
pages/brokers/BrokersDashboard.html,12,../assets/css/general-styling.css,pages/assets/css/general-styling.css
pages/brokers/BrokersDashboard.html,13,../assets/js/juba-homez.js,pages/assets/js/juba-homez.js
pages/customer/CustomerDashboard copy.html,169,placeholder-image.jpg,pages/customer/placeholder-image.jpg
pages/customer/CustomerDashboard.html,11,../assets/pictures/gemini_generated_image_yvrl7oyvrl7oyvrl.png,pages/assets/pictures/gemini_generated_image_yvrl7oyvrl7oyvrl.png
pages/customer/CustomerDashboard.html,12,../assets/css/general-styling.css,pages/assets/css/general-styling.css
pages/customer/CustomerDashboard.html,13,../assets/js/juba-homez.js,pages/assets/js/juba-homez.js
pages/notifications/Notifications.html,10,../assets/pictures/gemini_generated_image_yvrl7oyvrl7oyvrl.png,pages/assets/pictures/gemini_generated_image_yvrl7oyvrl7oyvrl.png
pages/notifications/Notifications.html,11,../assets/css/general-styling.css,pages/assets/css/general-styling.css
pages/notifications/Notifications.html,12,../assets/js/juba-homez.js,pages/assets/js/juba-homez.js
pages/notifications/Notifications.html,21,../assets/pictures/gemini_generated_image_yvrl7oyvrl7oyvrl.png,pages/assets/pictures/gemini_generated_image_yvrl7oyvrl7oyvrl.png
pages/photographer/Photographers-Profile.html,11,../assets/pictures/gemini_generated_image_yvrl7oyvrl7oyvrl.png,pages/assets/pictures/gemini_generated_image_yvrl7oyvrl7oyvrl.png
pages/photographer/Photographers-Profile.html,12,../assets/css/general-styling.css,pages/assets/css/general-styling.css
pages/photographer/Photographers-Profile.html,13,../assets/js/juba-homez.js,pages/assets/js/juba-homez.js
pages/photographer/Photographers-Profile.html,23,../assets/pictures/gemini_generated_image_yvrl7oyvrl7oyvrl.png,pages/assets/pictures/gemini_generated_image_yvrl7oyvrl7oyvrl.png
pages/photographer/Photographers-Profile.html,41,../assets/pictures/photographer.jpg,pages/assets/pictures/photographer.jpg
pages/photographer/Photographers-Profile.html,56,../assets/pictures/photographer1.jpg,pages/assets/pictures/photographer1.jpg
pages/photographer/Photographers-Profile.html,63,../assets/pictures/photographer2.jpg,pages/assets/pictures/photographer2.jpg
pages/photographer/Photographers-Profile.html,71,../assets/pictures/photographer3.jpg,pages/assets/pictures/photographer3.jpg
pages/photographer/Photographers-Profile.html,79,../assets/pictures/photographer4.jpg,pages/assets/pictures/photographer4.jpg
pages/photographer/PhotographersDashoard.html,11,../assets/pictures/gemini_generated_image_yvrl7oyvrl7oyvrl.png,pages/assets/pictures/gemini_generated_image_yvrl7oyvrl7oyvrl.png
pages/photographer/PhotographersDashoard.html,12,../assets/css/general-styling.css,pages/assets/css/general-styling.css
pages/photographer/PhotographersDashoard.html,13,../assets/js/juba-homez.js,pages/assets/js/juba-homez.js
pages/property-owner/PropertyOwnerDashboard.html,11,../assets/pictures/gemini_generated_image_yvrl7oyvrl7oyvrl.png,pages/assets/pictures/gemini_generated_image_yvrl7oyvrl7oyvrl.png
pages/property-owner/PropertyOwnerDashboard.html,12,../assets/css/general-styling.css,pages/assets/css/general-styling.css
pages/property-owner/PropertyOwnerDashboard.html,13,../assets/js/juba-homez.js,pages/assets/js/juba-homez.js
pages/property-owner/PropertyOwnerDashboard.html,27,../assets/pictures/gemini_generated_image_yvrl7oyvrl7oyvrl.png,pages/assets/pictures/gemini_generated_image_yvrl7oyvrl7oyvrl.png
pages/propertyManagement/Manage_Properties.html,8,../assets/pictures/gemini_generated_image_yvrl7oyvrl7oyvrl.png,pages/assets/pictures/gemini_generated_image_yvrl7oyvrl7oyvrl.png
pages/propertyManagement/Manage_Properties.html,10,../assets/css/general-styling.css,pages/assets/css/general-styling.css
pages/propertyManagement/Manage_Properties.html,205,../assets/pictures/whatsapp-image-2026-01-09-at-16.11.40.jpeg,pages/assets/pictures/whatsapp-image-2026-01-09-at-16.11.40.jpeg
pages/propertyManagement/Manage_Properties.html,207,../assets/pictures/whatsapp-image-2026-01-09-at-16.11.40.jpeg,pages/assets/pictures/whatsapp-image-2026-01-09-at-16.11.40.jpeg
pages/propertyManagement/Manage_Properties.html,208,../assets/pictures/whatsapp-image-2026-01-09-at-16.11.40.jpeg,pages/assets/pictures/whatsapp-image-2026-01-09-at-16.11.40.jpeg
pages/propertyManagement/Manage_Properties.html,209,../assets/pictures/whatsapp-image-2026-01-09-at-16.11.40.jpeg,pages/assets/pictures/whatsapp-image-2026-01-09-at-16.11.40.jpeg
pages/propertyManagement/Manage_Properties.html,210,../assets/pictures/whatsapp-image-2026-01-09-at-16.11.40.jpeg,pages/assets/pictures/whatsapp-image-2026-01-09-at-16.11.40.jpeg
pages/propertyManagement/Manage_Properties.html,211,../assets/pictures/juba-homez-logo.png,pages/assets/pictures/juba-homez-logo.png
pages/propertyManagement/Manage_Properties.html,294,../assets/pictures/whatsapp-image-2026-01-09-at-16.11.40.jpeg,pages/assets/pictures/whatsapp-image-2026-01-09-at-16.11.40.jpeg
pages/propertyManagement/Manage_Properties.html,356,../assets/pictures/whatsapp-image-2026-01-09-at-16.11.40.jpeg,pages/assets/pictures/whatsapp-image-2026-01-09-at-16.11.40.jpeg
pages/propertyManagement/Manage_Properties.html,419,../assets/pictures/whatsapp-image-2026-01-09-at-16.11.40.jpeg,pages/assets/pictures/whatsapp-image-2026-01-09-at-16.11.40.jpeg
pages/propertyManagement/Manage_Properties.html,482,../assets/pictures/whatsapp-image-2026-01-09-at-16.11.40.jpeg,pages/assets/pictures/whatsapp-image-2026-01-09-at-16.11.40.jpeg
pages/propertyManagement/Manage_Properties.html,546,../assets/pictures/whatsapp-image-2026-01-09-at-16.11.40.jpeg,pages/assets/pictures/whatsapp-image-2026-01-09-at-16.11.40.jpeg
pages/propertyManagement/Manage_Properties.html,610,../assets/pictures/whatsapp-image-2026-01-09-at-16.11.40.jpeg,pages/assets/pictures/whatsapp-image-2026-01-09-at-16.11.40.jpeg
pages/propertyManagement/Manage_Properties.html,674,../assets/pictures/whatsapp-image-2026-01-09-at-16.11.40.jpeg,pages/assets/pictures/whatsapp-image-2026-01-09-at-16.11.40.jpeg
pages/propertyManagement/Manage_Properties.html,739,../assets/pictures/whatsapp-image-2026-01-09-at-16.11.40.jpeg,pages/assets/pictures/whatsapp-image-2026-01-09-at-16.11.40.jpeg
pages/propertyManagement/Manage_Properties.html,803,../assets/pictures/whatsapp-image-2026-01-09-at-16.11.40.jpeg,pages/assets/pictures/whatsapp-image-2026-01-09-at-16.11.40.jpeg
pages/propertyManagement/Manage_Properties.html,868,../assets/pictures/whatsapp-image-2026-01-09-at-16.11.40.jpeg,pages/assets/pictures/whatsapp-image-2026-01-09-at-16.11.40.jpeg
pages/propertyManagement/Manage_Properties.html,932,../assets/pictures/whatsapp-image-2026-01-09-at-16.11.40.jpeg,pages/assets/pictures/whatsapp-image-2026-01-09-at-16.11.40.jpeg
pages/propertyManagement/Manage_Properties.html,996,../assets/pictures/whatsapp-image-2026-01-09-at-16.11.40.jpeg,pages/assets/pictures/whatsapp-image-2026-01-09-at-16.11.40.jpeg
pages/propertyManagement/Manage_Properties.html,1061,../assets/pictures/whatsapp-image-2026-01-09-at-16.11.40.jpeg,pages/assets/pictures/whatsapp-image-2026-01-09-at-16.11.40.jpeg
pages/propertyManagement/Manage_Properties.html,1126,../assets/pictures/whatsapp-image-2026-01-09-at-16.11.40.jpeg,pages/assets/pictures/whatsapp-image-2026-01-09-at-16.11.40.jpeg
pages/propertyManagement/Manage_Properties.html,1192,../assets/pictures/whatsapp-image-2026-01-09-at-16.11.40.jpeg,pages/assets/pictures/whatsapp-image-2026-01-09-at-16.11.40.jpeg
pages/propertyManagement/Manage_Properties.html,1256,../assets/pictures/whatsapp-image-2026-01-09-at-16.11.40.jpeg,pages/assets/pictures/whatsapp-image-2026-01-09-at-16.11.40.jpeg
pages/propertyManagement/Manage_Properties.html,1321,../assets/pictures/whatsapp-image-2026-01-09-at-16.11.40.jpeg,pages/assets/pictures/whatsapp-image-2026-01-09-at-16.11.40.jpeg
pages/propertyManagement/Manage_Properties.html,1385,../assets/pictures/whatsapp-image-2026-01-09-at-16.11.40.jpeg,pages/assets/pictures/whatsapp-image-2026-01-09-at-16.11.40.jpeg
pages/propertyManagement/Manage_Properties.html,1450,../assets/pictures/whatsapp-image-2026-01-09-at-16.11.40.jpeg,pages/assets/pictures/whatsapp-image-2026-01-09-at-16.11.40.jpeg
pages/propertyManagement/Manage_Properties.html,1514,../assets/pictures/whatsapp-image-2026-01-09-at-16.11.40.jpeg,pages/assets/pictures/whatsapp-image-2026-01-09-at-16.11.40.jpeg
pages/propertyManagement/Manage_Properties.html,1578,../assets/pictures/whatsapp-image-2026-01-09-at-16.11.40.jpeg,pages/assets/pictures/whatsapp-image-2026-01-09-at-16.11.40.jpeg
pages/propertyManagement/Manage_Properties.html,1642,../assets/pictures/whatsapp-image-2026-01-09-at-16.11.40.jpeg,pages/assets/pictures/whatsapp-image-2026-01-09-at-16.11.40.jpeg
pages/propertyManagement/Manage_Properties.html,1706,../assets/pictures/whatsapp-image-2026-01-09-at-16.11.40.jpeg,pages/assets/pictures/whatsapp-image-2026-01-09-at-16.11.40.jpeg
pages/propertyManagement/Manage_Properties.html,1770,../assets/pictures/whatsapp-image-2026-01-09-at-16.11.40.jpeg,pages/assets/pictures/whatsapp-image-2026-01-09-at-16.11.40.jpeg
pages/propertyManagement/Manage_Properties.html,1834,../assets/pictures/whatsapp-image-2026-01-09-at-16.11.40.jpeg,pages/assets/pictures/whatsapp-image-2026-01-09-at-16.11.40.jpeg
pages/propertyManagement/Manage_Properties.html,1898,../assets/pictures/whatsapp-image-2026-01-09-at-16.11.40.jpeg,pages/assets/pictures/whatsapp-image-2026-01-09-at-16.11.40.jpeg
pages/propertyManagement/Manage_Properties.html,1962,../assets/pictures/whatsapp-image-2026-01-09-at-16.11.40.jpeg,pages/assets/pictures/whatsapp-image-2026-01-09-at-16.11.40.jpeg
pages/propertyManagement/Manage_Properties.html,2026,../assets/pictures/whatsapp-image-2026-01-09-at-16.11.40.jpeg,pages/assets/pictures/whatsapp-image-2026-01-09-at-16.11.40.jpeg
pages/propertyManagement/Manage_Properties.html,2090,../assets/pictures/whatsapp-image-2026-01-09-at-16.11.40.jpeg,pages/assets/pictures/whatsapp-image-2026-01-09-at-16.11.40.jpeg
pages/propertyManagement/Manage_Properties.html,2154,../assets/pictures/whatsapp-image-2026-01-09-at-16.11.40.jpeg,pages/assets/pictures/whatsapp-image-2026-01-09-at-16.11.40.jpeg
pages/propertyManagement/Manage_Properties.html,2220,../assets/pictures/living-room.jpg,pages/assets/pictures/living-room.jpg
pages/propertyManagement/Manage_Properties.html,2224,../assets/pictures/living-room.jpg,pages/assets/pictures/living-room.jpg
pages/propertyManagement/Manage_Properties.html,2226,../assets/pictures/kitchen.jpg,pages/assets/pictures/kitchen.jpg
pages/propertyManagement/Manage_Properties.html,2228,../assets/pictures/bedroom.jpg,pages/assets/pictures/bedroom.jpg
pages/propertyManagement/Manage_Properties.html,2230,../assets/pictures/bathroom.jpg,pages/assets/pictures/bathroom.jpg
pages/propertyManagement/Manage_Properties.html,2297,../assets/pictures/whatsapp-image-2026-01-09-at-16.11.40.jpeg,pages/assets/pictures/whatsapp-image-2026-01-09-at-16.11.40.jpeg
pages/propertyManagement/Sell.html,11,../assets/pictures/gemini_generated_image_yvrl7oyvrl7oyvrl.png,pages/assets/pictures/gemini_generated_image_yvrl7oyvrl7oyvrl.png
pages/propertyManagement/Sell.html,12,../assets/css/general-styling.css,pages/assets/css/general-styling.css
pages/propertyManagement/Sell.html,13,../assets/js/juba-homez.js,pages/assets/js/juba-homez.js
pages/propertyManagement/Sell.html,27,../assets/pictures/gemini_generated_image_yvrl7oyvrl7oyvrl.png,pages/assets/pictures/gemini_generated_image_yvrl7oyvrl7oyvrl.png
pages/public/About.html,11,../assets/pictures/gemini_generated_image_yvrl7oyvrl7oyvrl.png,pages/assets/pictures/gemini_generated_image_yvrl7oyvrl7oyvrl.png
pages/public/About.html,12,../assets/css/general-styling.css,pages/assets/css/general-styling.css
pages/public/About.html,13,../assets/js/juba-homez.js,pages/assets/js/juba-homez.js
pages/public/About.html,21,../assets/pictures/gemini_generated_image_yvrl7oyvrl7oyvrl.png,pages/assets/pictures/gemini_generated_image_yvrl7oyvrl7oyvrl.png
pages/public/Buy.html,11,../assets/pictures/gemini_generated_image_yvrl7oyvrl7oyvrl.png,pages/assets/pictures/gemini_generated_image_yvrl7oyvrl7oyvrl.png
pages/public/Buy.html,12,../assets/css/general-styling.css,pages/assets/css/general-styling.css
pages/public/Buy.html,13,../assets/js/juba-homez.js,pages/assets/js/juba-homez.js
pages/public/Buy.html,26,../assets/pictures/juba-homez-logo.png,pages/assets/pictures/juba-homez-logo.png
pages/public/Contact.html,9,../assets/pictures/gemini_generated_image_yvrl7oyvrl7oyvrl.png,pages/assets/pictures/gemini_generated_image_yvrl7oyvrl7oyvrl.png
pages/public/Contact.html,10,../assets/css/general-styling.css,pages/assets/css/general-styling.css
pages/public/Contact.html,11,../assets/js/juba-homez.js,pages/assets/js/juba-homez.js
pages/public/Contact.html,20,../assets/pictures/gemini_generated_image_yvrl7oyvrl7oyvrl.png,pages/assets/pictures/gemini_generated_image_yvrl7oyvrl7oyvrl.png
pages/public/Gudele.html,8,../assets/pictures/gemini_generated_image_yvrl7oyvrl7oyvrl.png,pages/assets/pictures/gemini_generated_image_yvrl7oyvrl7oyvrl.png
pages/public/Gudele.html,10,../assets/css/general-styling.css,pages/assets/css/general-styling.css
pages/public/Gudele.html,205,../assets/pictures/whatsapp-image-2026-01-09-at-16.11.40.jpeg,pages/assets/pictures/whatsapp-image-2026-01-09-at-16.11.40.jpeg
pages/public/Gudele.html,280,../assets/pictures/whatsapp-image-2026-01-09-at-16.11.40.jpeg,pages/assets/pictures/whatsapp-image-2026-01-09-at-16.11.40.jpeg
pages/public/Gudele.html,342,../assets/pictures/whatsapp-image-2026-01-09-at-16.11.40.jpeg,pages/assets/pictures/whatsapp-image-2026-01-09-at-16.11.40.jpeg
pages/public/Gudele.html,405,../assets/pictures/whatsapp-image-2026-01-09-at-16.11.40.jpeg,pages/assets/pictures/whatsapp-image-2026-01-09-at-16.11.40.jpeg
pages/public/Gudele.html,468,../assets/pictures/whatsapp-image-2026-01-09-at-16.11.40.jpeg,pages/assets/pictures/whatsapp-image-2026-01-09-at-16.11.40.jpeg
pages/public/Gudele.html,532,../assets/pictures/whatsapp-image-2026-01-09-at-16.11.40.jpeg,pages/assets/pictures/whatsapp-image-2026-01-09-at-16.11.40.jpeg
pages/public/Gudele.html,596,../assets/pictures/whatsapp-image-2026-01-09-at-16.11.40.jpeg,pages/assets/pictures/whatsapp-image-2026-01-09-at-16.11.40.jpeg
pages/public/Gudele.html,660,../assets/pictures/whatsapp-image-2026-01-09-at-16.11.40.jpeg,pages/assets/pictures/whatsapp-image-2026-01-09-at-16.11.40.jpeg
pages/public/Gudele.html,725,../assets/pictures/whatsapp-image-2026-01-09-at-16.11.40.jpeg,pages/assets/pictures/whatsapp-image-2026-01-09-at-16.11.40.jpeg
pages/public/Gudele.html,789,../assets/pictures/whatsapp-image-2026-01-09-at-16.11.40.jpeg,pages/assets/pictures/whatsapp-image-2026-01-09-at-16.11.40.jpeg
pages/public/Gudele.html,854,../assets/pictures/whatsapp-image-2026-01-09-at-16.11.40.jpeg,pages/assets/pictures/whatsapp-image-2026-01-09-at-16.11.40.jpeg
pages/public/Gudele.html,918,../assets/pictures/whatsapp-image-2026-01-09-at-16.11.40.jpeg,pages/assets/pictures/whatsapp-image-2026-01-09-at-16.11.40.jpeg
pages/public/Gudele.html,982,../assets/pictures/whatsapp-image-2026-01-09-at-16.11.40.jpeg,pages/assets/pictures/whatsapp-image-2026-01-09-at-16.11.40.jpeg
pages/public/Gudele.html,1047,../assets/pictures/whatsapp-image-2026-01-09-at-16.11.40.jpeg,pages/assets/pictures/whatsapp-image-2026-01-09-at-16.11.40.jpeg
pages/public/Gudele.html,1112,../assets/pictures/whatsapp-image-2026-01-09-at-16.11.40.jpeg,pages/assets/pictures/whatsapp-image-2026-01-09-at-16.11.40.jpeg
pages/public/Gudele.html,1178,../assets/pictures/whatsapp-image-2026-01-09-at-16.11.40.jpeg,pages/assets/pictures/whatsapp-image-2026-01-09-at-16.11.40.jpeg
pages/public/Gudele.html,1242,../assets/pictures/whatsapp-image-2026-01-09-at-16.11.40.jpeg,pages/assets/pictures/whatsapp-image-2026-01-09-at-16.11.40.jpeg
pages/public/Gudele.html,1307,../assets/pictures/whatsapp-image-2026-01-09-at-16.11.40.jpeg,pages/assets/pictures/whatsapp-image-2026-01-09-at-16.11.40.jpeg
pages/public/Gudele.html,1371,../assets/pictures/whatsapp-image-2026-01-09-at-16.11.40.jpeg,pages/assets/pictures/whatsapp-image-2026-01-09-at-16.11.40.jpeg
pages/public/Gudele.html,1436,../assets/pictures/whatsapp-image-2026-01-09-at-16.11.40.jpeg,pages/assets/pictures/whatsapp-image-2026-01-09-at-16.11.40.jpeg
pages/public/Gudele.html,1500,../assets/pictures/whatsapp-image-2026-01-09-at-16.11.40.jpeg,pages/assets/pictures/whatsapp-image-2026-01-09-at-16.11.40.jpeg
pages/public/Gudele.html,1564,../assets/pictures/whatsapp-image-2026-01-09-at-16.11.40.jpeg,pages/assets/pictures/whatsapp-image-2026-01-09-at-16.11.40.jpeg
pages/public/Gudele.html,1628,../assets/pictures/whatsapp-image-2026-01-09-at-16.11.40.jpeg,pages/assets/pictures/whatsapp-image-2026-01-09-at-16.11.40.jpeg
pages/public/Gudele.html,1692,../assets/pictures/whatsapp-image-2026-01-09-at-16.11.40.jpeg,pages/assets/pictures/whatsapp-image-2026-01-09-at-16.11.40.jpeg
pages/public/Gudele.html,1756,../assets/pictures/whatsapp-image-2026-01-09-at-16.11.40.jpeg,pages/assets/pictures/whatsapp-image-2026-01-09-at-16.11.40.jpeg
pages/public/Gudele.html,1820,../assets/pictures/whatsapp-image-2026-01-09-at-16.11.40.jpeg,pages/assets/pictures/whatsapp-image-2026-01-09-at-16.11.40.jpeg
pages/public/Gudele.html,1884,../assets/pictures/whatsapp-image-2026-01-09-at-16.11.40.jpeg,pages/assets/pictures/whatsapp-image-2026-01-09-at-16.11.40.jpeg
pages/public/Gudele.html,1948,../assets/pictures/whatsapp-image-2026-01-09-at-16.11.40.jpeg,pages/assets/pictures/whatsapp-image-2026-01-09-at-16.11.40.jpeg
pages/public/Gudele.html,2012,../assets/pictures/whatsapp-image-2026-01-09-at-16.11.40.jpeg,pages/assets/pictures/whatsapp-image-2026-01-09-at-16.11.40.jpeg
pages/public/Gudele.html,2076,../assets/pictures/whatsapp-image-2026-01-09-at-16.11.40.jpeg,pages/assets/pictures/whatsapp-image-2026-01-09-at-16.11.40.jpeg
pages/public/Gudele.html,2140,../assets/pictures/whatsapp-image-2026-01-09-at-16.11.40.jpeg,pages/assets/pictures/whatsapp-image-2026-01-09-at-16.11.40.jpeg
pages/public/Gudele.html,2206,../assets/pictures/living-room.jpg,pages/assets/pictures/living-room.jpg
pages/public/Gudele.html,2210,../assets/pictures/living-room.jpg,pages/assets/pictures/living-room.jpg
pages/public/Gudele.html,2212,../assets/pictures/kitchen.jpg,pages/assets/pictures/kitchen.jpg
pages/public/Gudele.html,2214,../assets/pictures/bedroom.jpg,pages/assets/pictures/bedroom.jpg
pages/public/Gudele.html,2216,../assets/pictures/bathroom.jpg,pages/assets/pictures/bathroom.jpg
pages/public/Gudele.html,2283,../assets/pictures/whatsapp-image-2026-01-09-at-16.11.40.jpeg,pages/assets/pictures/whatsapp-image-2026-01-09-at-16.11.40.jpeg
pages/public/Gurei.html,8,../assets/pictures/gemini_generated_image_yvrl7oyvrl7oyvrl.png,pages/assets/pictures/gemini_generated_image_yvrl7oyvrl7oyvrl.png
pages/public/Gurei.html,10,../assets/css/general-styling.css,pages/assets/css/general-styling.css
pages/public/Gurei.html,205,../assets/pictures/whatsapp-image-2026-01-09-at-16.11.40.jpeg,pages/assets/pictures/whatsapp-image-2026-01-09-at-16.11.40.jpeg
pages/public/Gurei.html,280,../assets/pictures/whatsapp-image-2026-01-09-at-16.11.40.jpeg,pages/assets/pictures/whatsapp-image-2026-01-09-at-16.11.40.jpeg
pages/public/Gurei.html,342,../assets/pictures/whatsapp-image-2026-01-09-at-16.11.40.jpeg,pages/assets/pictures/whatsapp-image-2026-01-09-at-16.11.40.jpeg
pages/public/Gurei.html,405,../assets/pictures/whatsapp-image-2026-01-09-at-16.11.40.jpeg,pages/assets/pictures/whatsapp-image-2026-01-09-at-16.11.40.jpeg
pages/public/Gurei.html,468,../assets/pictures/whatsapp-image-2026-01-09-at-16.11.40.jpeg,pages/assets/pictures/whatsapp-image-2026-01-09-at-16.11.40.jpeg
pages/public/Gurei.html,532,../assets/pictures/whatsapp-image-2026-01-09-at-16.11.40.jpeg,pages/assets/pictures/whatsapp-image-2026-01-09-at-16.11.40.jpeg
pages/public/Gurei.html,596,../assets/pictures/whatsapp-image-2026-01-09-at-16.11.40.jpeg,pages/assets/pictures/whatsapp-image-2026-01-09-at-16.11.40.jpeg
pages/public/Gurei.html,660,../assets/pictures/whatsapp-image-2026-01-09-at-16.11.40.jpeg,pages/assets/pictures/whatsapp-image-2026-01-09-at-16.11.40.jpeg
pages/public/Gurei.html,725,../assets/pictures/whatsapp-image-2026-01-09-at-16.11.40.jpeg,pages/assets/pictures/whatsapp-image-2026-01-09-at-16.11.40.jpeg
pages/public/Gurei.html,789,../assets/pictures/whatsapp-image-2026-01-09-at-16.11.40.jpeg,pages/assets/pictures/whatsapp-image-2026-01-09-at-16.11.40.jpeg
pages/public/Gurei.html,854,../assets/pictures/whatsapp-image-2026-01-09-at-16.11.40.jpeg,pages/assets/pictures/whatsapp-image-2026-01-09-at-16.11.40.jpeg
pages/public/Gurei.html,918,../assets/pictures/whatsapp-image-2026-01-09-at-16.11.40.jpeg,pages/assets/pictures/whatsapp-image-2026-01-09-at-16.11.40.jpeg
pages/public/Gurei.html,982,../assets/pictures/whatsapp-image-2026-01-09-at-16.11.40.jpeg,pages/assets/pictures/whatsapp-image-2026-01-09-at-16.11.40.jpeg
pages/public/Gurei.html,1047,../assets/pictures/whatsapp-image-2026-01-09-at-16.11.40.jpeg,pages/assets/pictures/whatsapp-image-2026-01-09-at-16.11.40.jpeg
pages/public/Gurei.html,1112,../assets/pictures/whatsapp-image-2026-01-09-at-16.11.40.jpeg,pages/assets/pictures/whatsapp-image-2026-01-09-at-16.11.40.jpeg
pages/public/Gurei.html,1178,../assets/pictures/whatsapp-image-2026-01-09-at-16.11.40.jpeg,pages/assets/pictures/whatsapp-image-2026-01-09-at-16.11.40.jpeg
pages/public/Gurei.html,1242,../assets/pictures/whatsapp-image-2026-01-09-at-16.11.40.jpeg,pages/assets/pictures/whatsapp-image-2026-01-09-at-16.11.40.jpeg
pages/public/Gurei.html,1307,../assets/pictures/whatsapp-image-2026-01-09-at-16.11.40.jpeg,pages/assets/pictures/whatsapp-image-2026-01-09-at-16.11.40.jpeg
pages/public/Gurei.html,1371,../assets/pictures/whatsapp-image-2026-01-09-at-16.11.40.jpeg,pages/assets/pictures/whatsapp-image-2026-01-09-at-16.11.40.jpeg
pages/public/Gurei.html,1436,../assets/pictures/whatsapp-image-2026-01-09-at-16.11.40.jpeg,pages/assets/pictures/whatsapp-image-2026-01-09-at-16.11.40.jpeg
pages/public/Gurei.html,1500,../assets/pictures/whatsapp-image-2026-01-09-at-16.11.40.jpeg,pages/assets/pictures/whatsapp-image-2026-01-09-at-16.11.40.jpeg
pages/public/Gurei.html,1564,../assets/pictures/whatsapp-image-2026-01-09-at-16.11.40.jpeg,pages/assets/pictures/whatsapp-image-2026-01-09-at-16.11.40.jpeg
pages/public/Gurei.html,1628,../assets/pictures/whatsapp-image-2026-01-09-at-16.11.40.jpeg,pages/assets/pictures/whatsapp-image-2026-01-09-at-16.11.40.jpeg
pages/public/Gurei.html,1692,../assets/pictures/whatsapp-image-2026-01-09-at-16.11.40.jpeg,pages/assets/pictures/whatsapp-image-2026-01-09-at-16.11.40.jpeg
pages/public/Gurei.html,1756,../assets/pictures/whatsapp-image-2026-01-09-at-16.11.40.jpeg,pages/assets/pictures/whatsapp-image-2026-01-09-at-16.11.40.jpeg
pages/public/Gurei.html,1820,../assets/pictures/whatsapp-image-2026-01-09-at-16.11.40.jpeg,pages/assets/pictures/whatsapp-image-2026-01-09-at-16.11.40.jpeg
pages/public/Gurei.html,1884,../assets/pictures/whatsapp-image-2026-01-09-at-16.11.40.jpeg,pages/assets/pictures/whatsapp-image-2026-01-09-at-16.11.40.jpeg
pages/public/Gurei.html,1948,../assets/pictures/whatsapp-image-2026-01-09-at-16.11.40.jpeg,pages/assets/pictures/whatsapp-image-2026-01-09-at-16.11.40.jpeg
pages/public/Gurei.html,2012,../assets/pictures/whatsapp-image-2026-01-09-at-16.11.40.jpeg,pages/assets/pictures/whatsapp-image-2026-01-09-at-16.11.40.jpeg
pages/public/Gurei.html,2076,../assets/pictures/whatsapp-image-2026-01-09-at-16.11.40.jpeg,pages/assets/pictures/whatsapp-image-2026-01-09-at-16.11.40.jpeg
pages/public/Gurei.html,2140,../assets/pictures/whatsapp-image-2026-01-09-at-16.11.40.jpeg,pages/assets/pictures/whatsapp-image-2026-01-09-at-16.11.40.jpeg
pages/public/Gurei.html,2206,../assets/pictures/living-room.jpg,pages/assets/pictures/living-room.jpg
pages/public/Gurei.html,2210,../assets/pictures/living-room.jpg,pages/assets/pictures/living-room.jpg
pages/public/Gurei.html,2212,../assets/pictures/kitchen.jpg,pages/assets/pictures/kitchen.jpg
pages/public/Gurei.html,2214,../assets/pictures/bedroom.jpg,pages/assets/pictures/bedroom.jpg
pages/public/Gurei.html,2216,../assets/pictures/bathroom.jpg,pages/assets/pictures/bathroom.jpg
pages/public/Gurei.html,2283,../assets/pictures/whatsapp-image-2026-01-09-at-16.11.40.jpeg,pages/assets/pictures/whatsapp-image-2026-01-09-at-16.11.40.jpeg
pages/public/Index.html,9,../assets/pictures/gemini_generated_image_yvrl7oyvrl7oyvrl.png,pages/assets/pictures/gemini_generated_image_yvrl7oyvrl7oyvrl.png
pages/public/Index.html,10,../assets/css/general-styling.css,pages/assets/css/general-styling.css
pages/public/Index.html,11,../assets/js/juba-homez.js,pages/assets/js/juba-homez.js
pages/public/Index.html,211,../assets/pictures/whatsapp-image-2026-01-09-at-16.11.40.jpeg,pages/assets/pictures/whatsapp-image-2026-01-09-at-16.11.40.jpeg
pages/public/Index.html,214,../assets/pictures/whatsapp-image-2026-01-09-at-16.11.40.jpeg,pages/assets/pictures/whatsapp-image-2026-01-09-at-16.11.40.jpeg
pages/public/Index.html,217,../assets/pictures/whatsapp-image-2026-01-09-at-16.11.40.jpeg,pages/assets/pictures/whatsapp-image-2026-01-09-at-16.11.40.jpeg
pages/public/Index.html,220,../assets/pictures/whatsapp-image-2026-01-09-at-16.11.40.jpeg,pages/assets/pictures/whatsapp-image-2026-01-09-at-16.11.40.jpeg
pages/public/Index.html,223,../assets/pictures/whatsapp-image-2026-01-09-at-16.11.40.jpeg,pages/assets/pictures/whatsapp-image-2026-01-09-at-16.11.40.jpeg
pages/public/Index.html,226,../assets/pictures/whatsapp-image-2026-01-09-at-16.11.40.jpeg,pages/assets/pictures/whatsapp-image-2026-01-09-at-16.11.40.jpeg
pages/public/Index.html,229,../assets/pictures/whatsapp-image-2026-01-09-at-16.11.40.jpeg,pages/assets/pictures/whatsapp-image-2026-01-09-at-16.11.40.jpeg
pages/public/Index.html,232,../assets/pictures/whatsapp-image-2026-01-09-at-16.11.40.jpeg,pages/assets/pictures/whatsapp-image-2026-01-09-at-16.11.40.jpeg
pages/public/Kator.html,8,../assets/pictures/gemini_generated_image_yvrl7oyvrl7oyvrl.png,pages/assets/pictures/gemini_generated_image_yvrl7oyvrl7oyvrl.png
pages/public/Kator.html,10,../assets/css/general-styling.css,pages/assets/css/general-styling.css
pages/public/Kator.html,205,../assets/pictures/whatsapp-image-2026-01-09-at-16.11.40.jpeg,pages/assets/pictures/whatsapp-image-2026-01-09-at-16.11.40.jpeg
pages/public/Kator.html,207,../assets/pictures/whatsapp-image-2026-01-09-at-16.11.40.jpeg,pages/assets/pictures/whatsapp-image-2026-01-09-at-16.11.40.jpeg
pages/public/Kator.html,208,../assets/pictures/whatsapp-image-2026-01-09-at-16.11.40.jpeg,pages/assets/pictures/whatsapp-image-2026-01-09-at-16.11.40.jpeg
pages/public/Kator.html,209,../assets/pictures/whatsapp-image-2026-01-09-at-16.11.40.jpeg,pages/assets/pictures/whatsapp-image-2026-01-09-at-16.11.40.jpeg
pages/public/Kator.html,210,../assets/pictures/whatsapp-image-2026-01-09-at-16.11.40.jpeg,pages/assets/pictures/whatsapp-image-2026-01-09-at-16.11.40.jpeg
pages/public/Kator.html,211,../assets/pictures/juba-homez-logo.png,pages/assets/pictures/juba-homez-logo.png
pages/public/Kator.html,287,../assets/pictures/whatsapp-image-2026-01-09-at-16.11.40.jpeg,pages/assets/pictures/whatsapp-image-2026-01-09-at-16.11.40.jpeg
pages/public/Kator.html,349,../assets/pictures/whatsapp-image-2026-01-09-at-16.11.40.jpeg,pages/assets/pictures/whatsapp-image-2026-01-09-at-16.11.40.jpeg
pages/public/Kator.html,412,../assets/pictures/whatsapp-image-2026-01-09-at-16.11.40.jpeg,pages/assets/pictures/whatsapp-image-2026-01-09-at-16.11.40.jpeg
pages/public/Kator.html,475,../assets/pictures/whatsapp-image-2026-01-09-at-16.11.40.jpeg,pages/assets/pictures/whatsapp-image-2026-01-09-at-16.11.40.jpeg
pages/public/Kator.html,539,../assets/pictures/whatsapp-image-2026-01-09-at-16.11.40.jpeg,pages/assets/pictures/whatsapp-image-2026-01-09-at-16.11.40.jpeg
pages/public/Kator.html,603,../assets/pictures/whatsapp-image-2026-01-09-at-16.11.40.jpeg,pages/assets/pictures/whatsapp-image-2026-01-09-at-16.11.40.jpeg
pages/public/Kator.html,667,../assets/pictures/whatsapp-image-2026-01-09-at-16.11.40.jpeg,pages/assets/pictures/whatsapp-image-2026-01-09-at-16.11.40.jpeg
pages/public/Kator.html,732,../assets/pictures/whatsapp-image-2026-01-09-at-16.11.40.jpeg,pages/assets/pictures/whatsapp-image-2026-01-09-at-16.11.40.jpeg
pages/public/Kator.html,796,../assets/pictures/whatsapp-image-2026-01-09-at-16.11.40.jpeg,pages/assets/pictures/whatsapp-image-2026-01-09-at-16.11.40.jpeg
pages/public/Kator.html,861,../assets/pictures/whatsapp-image-2026-01-09-at-16.11.40.jpeg,pages/assets/pictures/whatsapp-image-2026-01-09-at-16.11.40.jpeg
pages/public/Kator.html,925,../assets/pictures/whatsapp-image-2026-01-09-at-16.11.40.jpeg,pages/assets/pictures/whatsapp-image-2026-01-09-at-16.11.40.jpeg
pages/public/Kator.html,989,../assets/pictures/whatsapp-image-2026-01-09-at-16.11.40.jpeg,pages/assets/pictures/whatsapp-image-2026-01-09-at-16.11.40.jpeg
pages/public/Kator.html,1054,../assets/pictures/whatsapp-image-2026-01-09-at-16.11.40.jpeg,pages/assets/pictures/whatsapp-image-2026-01-09-at-16.11.40.jpeg
pages/public/Kator.html,1119,../assets/pictures/whatsapp-image-2026-01-09-at-16.11.40.jpeg,pages/assets/pictures/whatsapp-image-2026-01-09-at-16.11.40.jpeg
pages/public/Kator.html,1185,../assets/pictures/whatsapp-image-2026-01-09-at-16.11.40.jpeg,pages/assets/pictures/whatsapp-image-2026-01-09-at-16.11.40.jpeg
pages/public/Kator.html,1249,../assets/pictures/whatsapp-image-2026-01-09-at-16.11.40.jpeg,pages/assets/pictures/whatsapp-image-2026-01-09-at-16.11.40.jpeg
pages/public/Kator.html,1314,../assets/pictures/whatsapp-image-2026-01-09-at-16.11.40.jpeg,pages/assets/pictures/whatsapp-image-2026-01-09-at-16.11.40.jpeg
pages/public/Kator.html,1378,../assets/pictures/whatsapp-image-2026-01-09-at-16.11.40.jpeg,pages/assets/pictures/whatsapp-image-2026-01-09-at-16.11.40.jpeg
pages/public/Kator.html,1443,../assets/pictures/whatsapp-image-2026-01-09-at-16.11.40.jpeg,pages/assets/pictures/whatsapp-image-2026-01-09-at-16.11.40.jpeg
pages/public/Kator.html,1507,../assets/pictures/whatsapp-image-2026-01-09-at-16.11.40.jpeg,pages/assets/pictures/whatsapp-image-2026-01-09-at-16.11.40.jpeg
pages/public/Kator.html,1571,../assets/pictures/whatsapp-image-2026-01-09-at-16.11.40.jpeg,pages/assets/pictures/whatsapp-image-2026-01-09-at-16.11.40.jpeg
pages/public/Kator.html,1635,../assets/pictures/whatsapp-image-2026-01-09-at-16.11.40.jpeg,pages/assets/pictures/whatsapp-image-2026-01-09-at-16.11.40.jpeg
pages/public/Kator.html,1699,../assets/pictures/whatsapp-image-2026-01-09-at-16.11.40.jpeg,pages/assets/pictures/whatsapp-image-2026-01-09-at-16.11.40.jpeg
pages/public/Kator.html,1763,../assets/pictures/whatsapp-image-2026-01-09-at-16.11.40.jpeg,pages/assets/pictures/whatsapp-image-2026-01-09-at-16.11.40.jpeg
pages/public/Kator.html,1827,../assets/pictures/whatsapp-image-2026-01-09-at-16.11.40.jpeg,pages/assets/pictures/whatsapp-image-2026-01-09-at-16.11.40.jpeg
pages/public/Kator.html,1891,../assets/pictures/whatsapp-image-2026-01-09-at-16.11.40.jpeg,pages/assets/pictures/whatsapp-image-2026-01-09-at-16.11.40.jpeg
pages/public/Kator.html,1955,../assets/pictures/whatsapp-image-2026-01-09-at-16.11.40.jpeg,pages/assets/pictures/whatsapp-image-2026-01-09-at-16.11.40.jpeg
pages/public/Kator.html,2019,../assets/pictures/whatsapp-image-2026-01-09-at-16.11.40.jpeg,pages/assets/pictures/whatsapp-image-2026-01-09-at-16.11.40.jpeg
pages/public/Kator.html,2083,../assets/pictures/whatsapp-image-2026-01-09-at-16.11.40.jpeg,pages/assets/pictures/whatsapp-image-2026-01-09-at-16.11.40.jpeg
pages/public/Kator.html,2147,../assets/pictures/whatsapp-image-2026-01-09-at-16.11.40.jpeg,pages/assets/pictures/whatsapp-image-2026-01-09-at-16.11.40.jpeg
pages/public/Kator.html,2213,../assets/pictures/living-room.jpg,pages/assets/pictures/living-room.jpg
pages/public/Kator.html,2217,../assets/pictures/living-room.jpg,pages/assets/pictures/living-room.jpg
pages/public/Kator.html,2219,../assets/pictures/kitchen.jpg,pages/assets/pictures/kitchen.jpg
pages/public/Kator.html,2221,../assets/pictures/bedroom.jpg,pages/assets/pictures/bedroom.jpg
pages/public/Kator.html,2223,../assets/pictures/bathroom.jpg,pages/assets/pictures/bathroom.jpg
pages/public/Kator.html,2290,../assets/pictures/whatsapp-image-2026-01-09-at-16.11.40.jpeg,pages/assets/pictures/whatsapp-image-2026-01-09-at-16.11.40.jpeg
pages/public/LemonGaba.html,8,../assets/pictures/gemini_generated_image_yvrl7oyvrl7oyvrl.png,pages/assets/pictures/gemini_generated_image_yvrl7oyvrl7oyvrl.png
pages/public/LemonGaba.html,10,../assets/css/general-styling.css,pages/assets/css/general-styling.css
pages/public/LemonGaba.html,205,../assets/pictures/whatsapp-image-2026-01-09-at-16.11.40.jpeg,pages/assets/pictures/whatsapp-image-2026-01-09-at-16.11.40.jpeg
pages/public/LemonGaba.html,280,../assets/pictures/whatsapp-image-2026-01-09-at-16.11.40.jpeg,pages/assets/pictures/whatsapp-image-2026-01-09-at-16.11.40.jpeg
pages/public/LemonGaba.html,342,../assets/pictures/whatsapp-image-2026-01-09-at-16.11.40.jpeg,pages/assets/pictures/whatsapp-image-2026-01-09-at-16.11.40.jpeg
pages/public/LemonGaba.html,405,../assets/pictures/whatsapp-image-2026-01-09-at-16.11.40.jpeg,pages/assets/pictures/whatsapp-image-2026-01-09-at-16.11.40.jpeg
pages/public/LemonGaba.html,468,../assets/pictures/whatsapp-image-2026-01-09-at-16.11.40.jpeg,pages/assets/pictures/whatsapp-image-2026-01-09-at-16.11.40.jpeg
pages/public/LemonGaba.html,532,../assets/pictures/whatsapp-image-2026-01-09-at-16.11.40.jpeg,pages/assets/pictures/whatsapp-image-2026-01-09-at-16.11.40.jpeg
pages/public/LemonGaba.html,596,../assets/pictures/whatsapp-image-2026-01-09-at-16.11.40.jpeg,pages/assets/pictures/whatsapp-image-2026-01-09-at-16.11.40.jpeg
pages/public/LemonGaba.html,660,../assets/pictures/whatsapp-image-2026-01-09-at-16.11.40.jpeg,pages/assets/pictures/whatsapp-image-2026-01-09-at-16.11.40.jpeg
pages/public/LemonGaba.html,725,../assets/pictures/whatsapp-image-2026-01-09-at-16.11.40.jpeg,pages/assets/pictures/whatsapp-image-2026-01-09-at-16.11.40.jpeg
pages/public/LemonGaba.html,789,../assets/pictures/whatsapp-image-2026-01-09-at-16.11.40.jpeg,pages/assets/pictures/whatsapp-image-2026-01-09-at-16.11.40.jpeg
pages/public/LemonGaba.html,854,../assets/pictures/whatsapp-image-2026-01-09-at-16.11.40.jpeg,pages/assets/pictures/whatsapp-image-2026-01-09-at-16.11.40.jpeg
pages/public/LemonGaba.html,918,../assets/pictures/whatsapp-image-2026-01-09-at-16.11.40.jpeg,pages/assets/pictures/whatsapp-image-2026-01-09-at-16.11.40.jpeg
pages/public/LemonGaba.html,982,../assets/pictures/whatsapp-image-2026-01-09-at-16.11.40.jpeg,pages/assets/pictures/whatsapp-image-2026-01-09-at-16.11.40.jpeg
pages/public/LemonGaba.html,1047,../assets/pictures/whatsapp-image-2026-01-09-at-16.11.40.jpeg,pages/assets/pictures/whatsapp-image-2026-01-09-at-16.11.40.jpeg
pages/public/LemonGaba.html,1112,../assets/pictures/whatsapp-image-2026-01-09-at-16.11.40.jpeg,pages/assets/pictures/whatsapp-image-2026-01-09-at-16.11.40.jpeg
pages/public/LemonGaba.html,1178,../assets/pictures/whatsapp-image-2026-01-09-at-16.11.40.jpeg,pages/assets/pictures/whatsapp-image-2026-01-09-at-16.11.40.jpeg
pages/public/LemonGaba.html,1242,../assets/pictures/whatsapp-image-2026-01-09-at-16.11.40.jpeg,pages/assets/pictures/whatsapp-image-2026-01-09-at-16.11.40.jpeg
pages/public/LemonGaba.html,1307,../assets/pictures/whatsapp-image-2026-01-09-at-16.11.40.jpeg,pages/assets/pictures/whatsapp-image-2026-01-09-at-16.11.40.jpeg
pages/public/LemonGaba.html,1371,../assets/pictures/whatsapp-image-2026-01-09-at-16.11.40.jpeg,pages/assets/pictures/whatsapp-image-2026-01-09-at-16.11.40.jpeg
pages/public/LemonGaba.html,1436,../assets/pictures/whatsapp-image-2026-01-09-at-16.11.40.jpeg,pages/assets/pictures/whatsapp-image-2026-01-09-at-16.11.40.jpeg
pages/public/LemonGaba.html,1500,../assets/pictures/whatsapp-image-2026-01-09-at-16.11.40.jpeg,pages/assets/pictures/whatsapp-image-2026-01-09-at-16.11.40.jpeg
pages/public/LemonGaba.html,1564,../assets/pictures/whatsapp-image-2026-01-09-at-16.11.40.jpeg,pages/assets/pictures/whatsapp-image-2026-01-09-at-16.11.40.jpeg
pages/public/LemonGaba.html,1628,../assets/pictures/whatsapp-image-2026-01-09-at-16.11.40.jpeg,pages/assets/pictures/whatsapp-image-2026-01-09-at-16.11.40.jpeg
pages/public/LemonGaba.html,1692,../assets/pictures/whatsapp-image-2026-01-09-at-16.11.40.jpeg,pages/assets/pictures/whatsapp-image-2026-01-09-at-16.11.40.jpeg
pages/public/LemonGaba.html,1756,../assets/pictures/whatsapp-image-2026-01-09-at-16.11.40.jpeg,pages/assets/pictures/whatsapp-image-2026-01-09-at-16.11.40.jpeg
pages/public/LemonGaba.html,1820,../assets/pictures/whatsapp-image-2026-01-09-at-16.11.40.jpeg,pages/assets/pictures/whatsapp-image-2026-01-09-at-16.11.40.jpeg
pages/public/LemonGaba.html,1884,../assets/pictures/whatsapp-image-2026-01-09-at-16.11.40.jpeg,pages/assets/pictures/whatsapp-image-2026-01-09-at-16.11.40.jpeg
pages/public/LemonGaba.html,1948,../assets/pictures/whatsapp-image-2026-01-09-at-16.11.40.jpeg,pages/assets/pictures/whatsapp-image-2026-01-09-at-16.11.40.jpeg
pages/public/LemonGaba.html,2012,../assets/pictures/whatsapp-image-2026-01-09-at-16.11.40.jpeg,pages/assets/pictures/whatsapp-image-2026-01-09-at-16.11.40.jpeg
pages/public/LemonGaba.html,2076,../assets/pictures/whatsapp-image-2026-01-09-at-16.11.40.jpeg,pages/assets/pictures/whatsapp-image-2026-01-09-at-16.11.40.jpeg
pages/public/LemonGaba.html,2140,../assets/pictures/whatsapp-image-2026-01-09-at-16.11.40.jpeg,pages/assets/pictures/whatsapp-image-2026-01-09-at-16.11.40.jpeg
pages/public/LemonGaba.html,2206,../assets/pictures/living-room.jpg,pages/assets/pictures/living-room.jpg
pages/public/LemonGaba.html,2210,../assets/pictures/living-room.jpg,pages/assets/pictures/living-room.jpg
pages/public/LemonGaba.html,2212,../assets/pictures/kitchen.jpg,pages/assets/pictures/kitchen.jpg
pages/public/LemonGaba.html,2214,../assets/pictures/bedroom.jpg,pages/assets/pictures/bedroom.jpg
pages/public/LemonGaba.html,2216,../assets/pictures/bathroom.jpg,pages/assets/pictures/bathroom.jpg
pages/public/LemonGaba.html,2283,../assets/pictures/whatsapp-image-2026-01-09-at-16.11.40.jpeg,pages/assets/pictures/whatsapp-image-2026-01-09-at-16.11.40.jpeg
pages/public/Muniki.html,8,../assets/pictures/gemini_generated_image_yvrl7oyvrl7oyvrl.png,pages/assets/pictures/gemini_generated_image_yvrl7oyvrl7oyvrl.png
pages/public/Muniki.html,10,../assets/css/general-styling.css,pages/assets/css/general-styling.css
pages/public/Muniki.html,205,../assets/pictures/whatsapp-image-2026-01-09-at-16.11.40.jpeg,pages/assets/pictures/whatsapp-image-2026-01-09-at-16.11.40.jpeg
pages/public/Muniki.html,280,../assets/pictures/whatsapp-image-2026-01-09-at-16.11.40.jpeg,pages/assets/pictures/whatsapp-image-2026-01-09-at-16.11.40.jpeg
pages/public/Muniki.html,342,../assets/pictures/whatsapp-image-2026-01-09-at-16.11.40.jpeg,pages/assets/pictures/whatsapp-image-2026-01-09-at-16.11.40.jpeg
pages/public/Muniki.html,405,../assets/pictures/whatsapp-image-2026-01-09-at-16.11.40.jpeg,pages/assets/pictures/whatsapp-image-2026-01-09-at-16.11.40.jpeg
pages/public/Muniki.html,468,../assets/pictures/whatsapp-image-2026-01-09-at-16.11.40.jpeg,pages/assets/pictures/whatsapp-image-2026-01-09-at-16.11.40.jpeg
pages/public/Muniki.html,532,../assets/pictures/whatsapp-image-2026-01-09-at-16.11.40.jpeg,pages/assets/pictures/whatsapp-image-2026-01-09-at-16.11.40.jpeg
pages/public/Muniki.html,596,../assets/pictures/whatsapp-image-2026-01-09-at-16.11.40.jpeg,pages/assets/pictures/whatsapp-image-2026-01-09-at-16.11.40.jpeg
pages/public/Muniki.html,660,../assets/pictures/whatsapp-image-2026-01-09-at-16.11.40.jpeg,pages/assets/pictures/whatsapp-image-2026-01-09-at-16.11.40.jpeg
pages/public/Muniki.html,725,../assets/pictures/whatsapp-image-2026-01-09-at-16.11.40.jpeg,pages/assets/pictures/whatsapp-image-2026-01-09-at-16.11.40.jpeg
pages/public/Muniki.html,789,../assets/pictures/whatsapp-image-2026-01-09-at-16.11.40.jpeg,pages/assets/pictures/whatsapp-image-2026-01-09-at-16.11.40.jpeg
pages/public/Muniki.html,854,../assets/pictures/whatsapp-image-2026-01-09-at-16.11.40.jpeg,pages/assets/pictures/whatsapp-image-2026-01-09-at-16.11.40.jpeg
pages/public/Muniki.html,918,../assets/pictures/whatsapp-image-2026-01-09-at-16.11.40.jpeg,pages/assets/pictures/whatsapp-image-2026-01-09-at-16.11.40.jpeg
pages/public/Muniki.html,982,../assets/pictures/whatsapp-image-2026-01-09-at-16.11.40.jpeg,pages/assets/pictures/whatsapp-image-2026-01-09-at-16.11.40.jpeg
pages/public/Muniki.html,1047,../assets/pictures/whatsapp-image-2026-01-09-at-16.11.40.jpeg,pages/assets/pictures/whatsapp-image-2026-01-09-at-16.11.40.jpeg
pages/public/Muniki.html,1112,../assets/pictures/whatsapp-image-2026-01-09-at-16.11.40.jpeg,pages/assets/pictures/whatsapp-image-2026-01-09-at-16.11.40.jpeg
pages/public/Muniki.html,1178,../assets/pictures/whatsapp-image-2026-01-09-at-16.11.40.jpeg,pages/assets/pictures/whatsapp-image-2026-01-09-at-16.11.40.jpeg
pages/public/Muniki.html,1242,../assets/pictures/whatsapp-image-2026-01-09-at-16.11.40.jpeg,pages/assets/pictures/whatsapp-image-2026-01-09-at-16.11.40.jpeg
pages/public/Muniki.html,1307,../assets/pictures/whatsapp-image-2026-01-09-at-16.11.40.jpeg,pages/assets/pictures/whatsapp-image-2026-01-09-at-16.11.40.jpeg
pages/public/Muniki.html,1371,../assets/pictures/whatsapp-image-2026-01-09-at-16.11.40.jpeg,pages/assets/pictures/whatsapp-image-2026-01-09-at-16.11.40.jpeg
pages/public/Muniki.html,1436,../assets/pictures/whatsapp-image-2026-01-09-at-16.11.40.jpeg,pages/assets/pictures/whatsapp-image-2026-01-09-at-16.11.40.jpeg
pages/public/Muniki.html,1500,../assets/pictures/whatsapp-image-2026-01-09-at-16.11.40.jpeg,pages/assets/pictures/whatsapp-image-2026-01-09-at-16.11.40.jpeg
pages/public/Muniki.html,1564,../assets/pictures/whatsapp-image-2026-01-09-at-16.11.40.jpeg,pages/assets/pictures/whatsapp-image-2026-01-09-at-16.11.40.jpeg
pages/public/Muniki.html,1628,../assets/pictures/whatsapp-image-2026-01-09-at-16.11.40.jpeg,pages/assets/pictures/whatsapp-image-2026-01-09-at-16.11.40.jpeg
pages/public/Muniki.html,1692,../assets/pictures/whatsapp-image-2026-01-09-at-16.11.40.jpeg,pages/assets/pictures/whatsapp-image-2026-01-09-at-16.11.40.jpeg
pages/public/Muniki.html,1756,../assets/pictures/whatsapp-image-2026-01-09-at-16.11.40.jpeg,pages/assets/pictures/whatsapp-image-2026-01-09-at-16.11.40.jpeg
pages/public/Muniki.html,1820,../assets/pictures/whatsapp-image-2026-01-09-at-16.11.40.jpeg,pages/assets/pictures/whatsapp-image-2026-01-09-at-16.11.40.jpeg
pages/public/Muniki.html,1884,../assets/pictures/whatsapp-image-2026-01-09-at-16.11.40.jpeg,pages/assets/pictures/whatsapp-image-2026-01-09-at-16.11.40.jpeg
pages/public/Muniki.html,1948,../assets/pictures/whatsapp-image-2026-01-09-at-16.11.40.jpeg,pages/assets/pictures/whatsapp-image-2026-01-09-at-16.11.40.jpeg
pages/public/Muniki.html,2012,../assets/pictures/whatsapp-image-2026-01-09-at-16.11.40.jpeg,pages/assets/pictures/whatsapp-image-2026-01-09-at-16.11.40.jpeg
pages/public/Muniki.html,2076,../assets/pictures/whatsapp-image-2026-01-09-at-16.11.40.jpeg,pages/assets/pictures/whatsapp-image-2026-01-09-at-16.11.40.jpeg
pages/public/Muniki.html,2140,../assets/pictures/whatsapp-image-2026-01-09-at-16.11.40.jpeg,pages/assets/pictures/whatsapp-image-2026-01-09-at-16.11.40.jpeg
pages/public/Muniki.html,2206,../assets/pictures/living-room.jpg,pages/assets/pictures/living-room.jpg
pages/public/Muniki.html,2210,../assets/pictures/living-room.jpg,pages/assets/pictures/living-room.jpg
pages/public/Muniki.html,2212,../assets/pictures/kitchen.jpg,pages/assets/pictures/kitchen.jpg
pages/public/Muniki.html,2214,../assets/pictures/bedroom.jpg,pages/assets/pictures/bedroom.jpg
pages/public/Muniki.html,2216,../assets/pictures/bathroom.jpg,pages/assets/pictures/bathroom.jpg
pages/public/Muniki.html,2283,../assets/pictures/whatsapp-image-2026-01-09-at-16.11.40.jpeg,pages/assets/pictures/whatsapp-image-2026-01-09-at-16.11.40.jpeg
pages/public/Nyakuron.html,8,../assets/pictures/gemini_generated_image_yvrl7oyvrl7oyvrl.png,pages/assets/pictures/gemini_generated_image_yvrl7oyvrl7oyvrl.png
pages/public/Nyakuron.html,10,../assets/css/general-styling.css,pages/assets/css/general-styling.css
pages/public/Nyakuron.html,205,../assets/pictures/whatsapp-image-2026-01-09-at-16.11.40.jpeg,pages/assets/pictures/whatsapp-image-2026-01-09-at-16.11.40.jpeg
pages/public/Nyakuron.html,280,../assets/pictures/whatsapp-image-2026-01-09-at-16.11.40.jpeg,pages/assets/pictures/whatsapp-image-2026-01-09-at-16.11.40.jpeg
pages/public/Nyakuron.html,342,../assets/pictures/whatsapp-image-2026-01-09-at-16.11.40.jpeg,pages/assets/pictures/whatsapp-image-2026-01-09-at-16.11.40.jpeg
pages/public/Nyakuron.html,405,../assets/pictures/whatsapp-image-2026-01-09-at-16.11.40.jpeg,pages/assets/pictures/whatsapp-image-2026-01-09-at-16.11.40.jpeg
pages/public/Nyakuron.html,468,../assets/pictures/whatsapp-image-2026-01-09-at-16.11.40.jpeg,pages/assets/pictures/whatsapp-image-2026-01-09-at-16.11.40.jpeg
pages/public/Nyakuron.html,532,../assets/pictures/whatsapp-image-2026-01-09-at-16.11.40.jpeg,pages/assets/pictures/whatsapp-image-2026-01-09-at-16.11.40.jpeg
pages/public/Nyakuron.html,596,../assets/pictures/whatsapp-image-2026-01-09-at-16.11.40.jpeg,pages/assets/pictures/whatsapp-image-2026-01-09-at-16.11.40.jpeg
pages/public/Nyakuron.html,660,../assets/pictures/whatsapp-image-2026-01-09-at-16.11.40.jpeg,pages/assets/pictures/whatsapp-image-2026-01-09-at-16.11.40.jpeg
pages/public/Nyakuron.html,725,../assets/pictures/whatsapp-image-2026-01-09-at-16.11.40.jpeg,pages/assets/pictures/whatsapp-image-2026-01-09-at-16.11.40.jpeg
pages/public/Nyakuron.html,789,../assets/pictures/whatsapp-image-2026-01-09-at-16.11.40.jpeg,pages/assets/pictures/whatsapp-image-2026-01-09-at-16.11.40.jpeg
pages/public/Nyakuron.html,854,../assets/pictures/whatsapp-image-2026-01-09-at-16.11.40.jpeg,pages/assets/pictures/whatsapp-image-2026-01-09-at-16.11.40.jpeg
pages/public/Nyakuron.html,918,../assets/pictures/whatsapp-image-2026-01-09-at-16.11.40.jpeg,pages/assets/pictures/whatsapp-image-2026-01-09-at-16.11.40.jpeg
pages/public/Nyakuron.html,982,../assets/pictures/whatsapp-image-2026-01-09-at-16.11.40.jpeg,pages/assets/pictures/whatsapp-image-2026-01-09-at-16.11.40.jpeg
pages/public/Nyakuron.html,1047,../assets/pictures/whatsapp-image-2026-01-09-at-16.11.40.jpeg,pages/assets/pictures/whatsapp-image-2026-01-09-at-16.11.40.jpeg
pages/public/Nyakuron.html,1112,../assets/pictures/whatsapp-image-2026-01-09-at-16.11.40.jpeg,pages/assets/pictures/whatsapp-image-2026-01-09-at-16.11.40.jpeg
pages/public/Nyakuron.html,1178,../assets/pictures/whatsapp-image-2026-01-09-at-16.11.40.jpeg,pages/assets/pictures/whatsapp-image-2026-01-09-at-16.11.40.jpeg
pages/public/Nyakuron.html,1242,../assets/pictures/whatsapp-image-2026-01-09-at-16.11.40.jpeg,pages/assets/pictures/whatsapp-image-2026-01-09-at-16.11.40.jpeg
pages/public/Nyakuron.html,1307,../assets/pictures/whatsapp-image-2026-01-09-at-16.11.40.jpeg,pages/assets/pictures/whatsapp-image-2026-01-09-at-16.11.40.jpeg
pages/public/Nyakuron.html,1371,../assets/pictures/whatsapp-image-2026-01-09-at-16.11.40.jpeg,pages/assets/pictures/whatsapp-image-2026-01-09-at-16.11.40.jpeg
pages/public/Nyakuron.html,1436,../assets/pictures/whatsapp-image-2026-01-09-at-16.11.40.jpeg,pages/assets/pictures/whatsapp-image-2026-01-09-at-16.11.40.jpeg
pages/public/Nyakuron.html,1500,../assets/pictures/whatsapp-image-2026-01-09-at-16.11.40.jpeg,pages/assets/pictures/whatsapp-image-2026-01-09-at-16.11.40.jpeg
pages/public/Nyakuron.html,1564,../assets/pictures/whatsapp-image-2026-01-09-at-16.11.40.jpeg,pages/assets/pictures/whatsapp-image-2026-01-09-at-16.11.40.jpeg
pages/public/Nyakuron.html,1628,../assets/pictures/whatsapp-image-2026-01-09-at-16.11.40.jpeg,pages/assets/pictures/whatsapp-image-2026-01-09-at-16.11.40.jpeg
pages/public/Nyakuron.html,1692,../assets/pictures/whatsapp-image-2026-01-09-at-16.11.40.jpeg,pages/assets/pictures/whatsapp-image-2026-01-09-at-16.11.40.jpeg
pages/public/Nyakuron.html,1756,../assets/pictures/whatsapp-image-2026-01-09-at-16.11.40.jpeg,pages/assets/pictures/whatsapp-image-2026-01-09-at-16.11.40.jpeg
pages/public/Nyakuron.html,1820,../assets/pictures/whatsapp-image-2026-01-09-at-16.11.40.jpeg,pages/assets/pictures/whatsapp-image-2026-01-09-at-16.11.40.jpeg
pages/public/Nyakuron.html,1884,../assets/pictures/whatsapp-image-2026-01-09-at-16.11.40.jpeg,pages/assets/pictures/whatsapp-image-2026-01-09-at-16.11.40.jpeg
pages/public/Nyakuron.html,1948,../assets/pictures/whatsapp-image-2026-01-09-at-16.11.40.jpeg,pages/assets/pictures/whatsapp-image-2026-01-09-at-16.11.40.jpeg
pages/public/Nyakuron.html,2012,../assets/pictures/whatsapp-image-2026-01-09-at-16.11.40.jpeg,pages/assets/pictures/whatsapp-image-2026-01-09-at-16.11.40.jpeg
pages/public/Nyakuron.html,2076,../assets/pictures/whatsapp-image-2026-01-09-at-16.11.40.jpeg,pages/assets/pictures/whatsapp-image-2026-01-09-at-16.11.40.jpeg
pages/public/Nyakuron.html,2140,../assets/pictures/whatsapp-image-2026-01-09-at-16.11.40.jpeg,pages/assets/pictures/whatsapp-image-2026-01-09-at-16.11.40.jpeg
pages/public/Nyakuron.html,2206,../assets/pictures/living-room.jpg,pages/assets/pictures/living-room.jpg
pages/public/Nyakuron.html,2210,../assets/pictures/living-room.jpg,pages/assets/pictures/living-room.jpg
pages/public/Nyakuron.html,2212,../assets/pictures/kitchen.jpg,pages/assets/pictures/kitchen.jpg
pages/public/Nyakuron.html,2214,../assets/pictures/bedroom.jpg,pages/assets/pictures/bedroom.jpg
pages/public/Nyakuron.html,2216,../assets/pictures/bathroom.jpg,pages/assets/pictures/bathroom.jpg
pages/public/Nyakuron.html,2283,../assets/pictures/whatsapp-image-2026-01-09-at-16.11.40.jpeg,pages/assets/pictures/whatsapp-image-2026-01-09-at-16.11.40.jpeg
pages/public/Privacy.html,11,../assets/pictures/gemini_generated_image_yvrl7oyvrl7oyvrl.png,pages/assets/pictures/gemini_generated_image_yvrl7oyvrl7oyvrl.png
pages/public/Privacy.html,12,../assets/css/general-styling.css,pages/assets/css/general-styling.css
pages/public/Privacy.html,13,../assets/js/juba-homez.js,pages/assets/js/juba-homez.js
pages/public/Privacy.html,23,../assets/pictures/gemini_generated_image_yvrl7oyvrl7oyvrl.png,pages/assets/pictures/gemini_generated_image_yvrl7oyvrl7oyvrl.png
pages/public/Properties.html,11,../assets/pictures/gemini_generated_image_yvrl7oyvrl7oyvrl.png,pages/assets/pictures/gemini_generated_image_yvrl7oyvrl7oyvrl.png
pages/public/Properties.html,12,../assets/css/general-styling.css,pages/assets/css/general-styling.css
pages/public/Properties.html,13,../assets/js/juba-homez.js,pages/assets/js/juba-homez.js
pages/public/Properties.html,43,../assets/pictures/whatsapp-image-2026-01-09-at-16.11.40.jpeg,pages/assets/pictures/whatsapp-image-2026-01-09-at-16.11.40.jpeg
pages/public/Properties.html,51,../assets/pictures/whatsapp-image-2026-01-09-at-16.11.40.jpeg,pages/assets/pictures/whatsapp-image-2026-01-09-at-16.11.40.jpeg
pages/public/Properties.html,59,../assets/pictures/whatsapp-image-2026-01-09-at-16.11.40.jpeg,pages/assets/pictures/whatsapp-image-2026-01-09-at-16.11.40.jpeg
pages/public/Properties.html,66,../assets/pictures/whatsapp-image-2026-01-09-at-16.11.40.jpeg,pages/assets/pictures/whatsapp-image-2026-01-09-at-16.11.40.jpeg
pages/public/Properties.html,73,../assets/pictures/whatsapp-image-2026-01-09-at-16.11.40.jpeg,pages/assets/pictures/whatsapp-image-2026-01-09-at-16.11.40.jpeg
pages/public/Properties.html,80,../assets/pictures/whatsapp-image-2026-01-09-at-16.11.40.jpeg,pages/assets/pictures/whatsapp-image-2026-01-09-at-16.11.40.jpeg
pages/public/Properties.html,87,../assets/pictures/whatsapp-image-2026-01-09-at-16.11.40.jpeg,pages/assets/pictures/whatsapp-image-2026-01-09-at-16.11.40.jpeg
pages/public/Properties.html,94,../assets/pictures/whatsapp-image-2026-01-09-at-16.11.40.jpeg,pages/assets/pictures/whatsapp-image-2026-01-09-at-16.11.40.jpeg
pages/public/Properties.html,101,../assets/pictures/whatsapp-image-2026-01-09-at-16.11.40.jpeg,pages/assets/pictures/whatsapp-image-2026-01-09-at-16.11.40.jpeg
pages/public/Properties.html,108,../assets/pictures/whatsapp-image-2026-01-09-at-16.11.40.jpeg,pages/assets/pictures/whatsapp-image-2026-01-09-at-16.11.40.jpeg
pages/public/Properties.html,115,../assets/pictures/whatsapp-image-2026-01-09-at-16.11.40.jpeg,pages/assets/pictures/whatsapp-image-2026-01-09-at-16.11.40.jpeg
pages/public/Properties.html,122,../assets/pictures/whatsapp-image-2026-01-09-at-16.11.40.jpeg,pages/assets/pictures/whatsapp-image-2026-01-09-at-16.11.40.jpeg
pages/public/Properties.html,129,../assets/pictures/whatsapp-image-2026-01-09-at-16.11.40.jpeg,pages/assets/pictures/whatsapp-image-2026-01-09-at-16.11.40.jpeg
pages/public/Properties.html,136,../assets/pictures/whatsapp-image-2026-01-09-at-16.11.40.jpeg,pages/assets/pictures/whatsapp-image-2026-01-09-at-16.11.40.jpeg
pages/public/Properties.html,143,../assets/pictures/whatsapp-image-2026-01-09-at-16.11.40.jpeg,pages/assets/pictures/whatsapp-image-2026-01-09-at-16.11.40.jpeg
pages/public/Properties.html,150,../assets/pictures/whatsapp-image-2026-01-09-at-16.11.40.jpeg,pages/assets/pictures/whatsapp-image-2026-01-09-at-16.11.40.jpeg
pages/public/Properties.html,157,../assets/pictures/whatsapp-image-2026-01-09-at-16.11.40.jpeg,pages/assets/pictures/whatsapp-image-2026-01-09-at-16.11.40.jpeg
pages/public/Properties.html,164,../assets/pictures/whatsapp-image-2026-01-09-at-16.11.40.jpeg,pages/assets/pictures/whatsapp-image-2026-01-09-at-16.11.40.jpeg
pages/public/Properties.html,171,../assets/pictures/whatsapp-image-2026-01-09-at-16.11.40.jpeg,pages/assets/pictures/whatsapp-image-2026-01-09-at-16.11.40.jpeg
pages/public/Properties.html,178,../assets/pictures/whatsapp-image-2026-01-09-at-16.11.40.jpeg,pages/assets/pictures/whatsapp-image-2026-01-09-at-16.11.40.jpeg
pages/public/Properties.html,185,../assets/pictures/whatsapp-image-2026-01-09-at-16.11.40.jpeg,pages/assets/pictures/whatsapp-image-2026-01-09-at-16.11.40.jpeg
pages/public/Properties.html,192,../assets/pictures/whatsapp-image-2026-01-09-at-16.11.40.jpeg,pages/assets/pictures/whatsapp-image-2026-01-09-at-16.11.40.jpeg
pages/public/Properties.html,199,../assets/pictures/whatsapp-image-2026-01-09-at-16.11.40.jpeg,pages/assets/pictures/whatsapp-image-2026-01-09-at-16.11.40.jpeg
pages/public/Properties.html,206,../assets/pictures/whatsapp-image-2026-01-09-at-16.11.40.jpeg,pages/assets/pictures/whatsapp-image-2026-01-09-at-16.11.40.jpeg
pages/public/Properties.html,213,../assets/pictures/whatsapp-image-2026-01-09-at-16.11.40.jpeg,pages/assets/pictures/whatsapp-image-2026-01-09-at-16.11.40.jpeg
pages/public/Properties.html,220,../assets/pictures/whatsapp-image-2026-01-09-at-16.11.40.jpeg,pages/assets/pictures/whatsapp-image-2026-01-09-at-16.11.40.jpeg
pages/public/Properties.html,227,../assets/pictures/whatsapp-image-2026-01-09-at-16.11.40.jpeg,pages/assets/pictures/whatsapp-image-2026-01-09-at-16.11.40.jpeg
pages/public/Properties.html,234,../assets/pictures/whatsapp-image-2026-01-09-at-16.11.40.jpeg,pages/assets/pictures/whatsapp-image-2026-01-09-at-16.11.40.jpeg
pages/public/Properties.html,241,../assets/pictures/whatsapp-image-2026-01-09-at-16.11.40.jpeg,pages/assets/pictures/whatsapp-image-2026-01-09-at-16.11.40.jpeg
pages/public/Properties.html,248,../assets/pictures/whatsapp-image-2026-01-09-at-16.11.40.jpeg,pages/assets/pictures/whatsapp-image-2026-01-09-at-16.11.40.jpeg
pages/public/Properties.html,255,../assets/pictures/whatsapp-image-2026-01-09-at-16.11.40.jpeg,pages/assets/pictures/whatsapp-image-2026-01-09-at-16.11.40.jpeg
pages/public/Properties.html,262,../assets/pictures/whatsapp-image-2026-01-09-at-16.11.40.jpeg,pages/assets/pictures/whatsapp-image-2026-01-09-at-16.11.40.jpeg
pages/public/Properties.html,269,../assets/pictures/whatsapp-image-2026-01-09-at-16.11.40.jpeg,pages/assets/pictures/whatsapp-image-2026-01-09-at-16.11.40.jpeg
pages/public/Properties.html,276,../assets/pictures/whatsapp-image-2026-01-09-at-16.11.40.jpeg,pages/assets/pictures/whatsapp-image-2026-01-09-at-16.11.40.jpeg
pages/public/Properties.html,283,../assets/pictures/whatsapp-image-2026-01-09-at-16.11.40.jpeg,pages/assets/pictures/whatsapp-image-2026-01-09-at-16.11.40.jpeg
pages/public/Properties.html,290,../assets/pictures/whatsapp-image-2026-01-09-at-16.11.40.jpeg,pages/assets/pictures/whatsapp-image-2026-01-09-at-16.11.40.jpeg
pages/public/Properties.html,297,../assets/pictures/whatsapp-image-2026-01-09-at-16.11.40.jpeg,pages/assets/pictures/whatsapp-image-2026-01-09-at-16.11.40.jpeg
pages/public/Properties.html,304,../assets/pictures/whatsapp-image-2026-01-09-at-16.11.40.jpeg,pages/assets/pictures/whatsapp-image-2026-01-09-at-16.11.40.jpeg
pages/public/Properties.html,311,../assets/pictures/whatsapp-image-2026-01-09-at-16.11.40.jpeg,pages/assets/pictures/whatsapp-image-2026-01-09-at-16.11.40.jpeg
pages/public/Properties.html,318,../assets/pictures/whatsapp-image-2026-01-09-at-16.11.40.jpeg,pages/assets/pictures/whatsapp-image-2026-01-09-at-16.11.40.jpeg
pages/public/Properties.html,325,../assets/pictures/whatsapp-image-2026-01-09-at-16.11.40.jpeg,pages/assets/pictures/whatsapp-image-2026-01-09-at-16.11.40.jpeg
pages/public/Properties.html,332,../assets/pictures/whatsapp-image-2026-01-09-at-16.11.40.jpeg,pages/assets/pictures/whatsapp-image-2026-01-09-at-16.11.40.jpeg
pages/public/Properties.html,339,../assets/pictures/whatsapp-image-2026-01-09-at-16.11.40.jpeg,pages/assets/pictures/whatsapp-image-2026-01-09-at-16.11.40.jpeg
pages/public/Properties.html,346,../assets/pictures/whatsapp-image-2026-01-09-at-16.11.40.jpeg,pages/assets/pictures/whatsapp-image-2026-01-09-at-16.11.40.jpeg
pages/public/Properties.html,353,../assets/pictures/whatsapp-image-2026-01-09-at-16.11.40.jpeg,pages/assets/pictures/whatsapp-image-2026-01-09-at-16.11.40.jpeg
pages/public/Properties.html,360,../assets/pictures/whatsapp-image-2026-01-09-at-16.11.40.jpeg,pages/assets/pictures/whatsapp-image-2026-01-09-at-16.11.40.jpeg
pages/public/Properties.html,367,../assets/pictures/whatsapp-image-2026-01-09-at-16.11.40.jpeg,pages/assets/pictures/whatsapp-image-2026-01-09-at-16.11.40.jpeg
pages/public/Properties.html,374,../assets/pictures/whatsapp-image-2026-01-09-at-16.11.40.jpeg,pages/assets/pictures/whatsapp-image-2026-01-09-at-16.11.40.jpeg
pages/public/Properties.html,381,../assets/pictures/whatsapp-image-2026-01-09-at-16.11.40.jpeg,pages/assets/pictures/whatsapp-image-2026-01-09-at-16.11.40.jpeg
pages/public/Properties.html,388,../assets/pictures/whatsapp-image-2026-01-09-at-16.11.40.jpeg,pages/assets/pictures/whatsapp-image-2026-01-09-at-16.11.40.jpeg
pages/public/Properties.html,395,../assets/pictures/whatsapp-image-2026-01-09-at-16.11.40.jpeg,pages/assets/pictures/whatsapp-image-2026-01-09-at-16.11.40.jpeg
pages/public/Properties.html,402,../assets/pictures/whatsapp-image-2026-01-09-at-16.11.40.jpeg,pages/assets/pictures/whatsapp-image-2026-01-09-at-16.11.40.jpeg
pages/public/Properties.html,415,../assets/pictures/whatsapp-image-2026-01-09-at-16.11.40.jpeg,pages/assets/pictures/whatsapp-image-2026-01-09-at-16.11.40.jpeg
pages/public/Properties.html,424,../assets/pictures/whatsapp-image-2026-01-09-at-16.11.40.jpeg,pages/assets/pictures/whatsapp-image-2026-01-09-at-16.11.40.jpeg
pages/public/Properties.html,431,../assets/pictures/whatsapp-image-2026-01-09-at-16.11.40.jpeg,pages/assets/pictures/whatsapp-image-2026-01-09-at-16.11.40.jpeg
pages/public/Properties.html,438,../assets/pictures/whatsapp-image-2026-01-09-at-16.11.40.jpeg,pages/assets/pictures/whatsapp-image-2026-01-09-at-16.11.40.jpeg
pages/public/Properties.html,445,../assets/pictures/whatsapp-image-2026-01-09-at-16.11.40.jpeg,pages/assets/pictures/whatsapp-image-2026-01-09-at-16.11.40.jpeg
pages/public/Properties.html,452,../assets/pictures/whatsapp-image-2026-01-09-at-16.11.40.jpeg,pages/assets/pictures/whatsapp-image-2026-01-09-at-16.11.40.jpeg
pages/public/Properties.html,459,../assets/pictures/whatsapp-image-2026-01-09-at-16.11.40.jpeg,pages/assets/pictures/whatsapp-image-2026-01-09-at-16.11.40.jpeg
pages/public/Properties.html,466,../assets/pictures/whatsapp-image-2026-01-09-at-16.11.40.jpeg,pages/assets/pictures/whatsapp-image-2026-01-09-at-16.11.40.jpeg
pages/public/Properties.html,473,../assets/pictures/whatsapp-image-2026-01-09-at-16.11.40.jpeg,pages/assets/pictures/whatsapp-image-2026-01-09-at-16.11.40.jpeg
pages/public/Properties.html,480,../assets/pictures/whatsapp-image-2026-01-09-at-16.11.40.jpeg,pages/assets/pictures/whatsapp-image-2026-01-09-at-16.11.40.jpeg
pages/public/Properties.html,487,../assets/pictures/whatsapp-image-2026-01-09-at-16.11.40.jpeg,pages/assets/pictures/whatsapp-image-2026-01-09-at-16.11.40.jpeg
pages/public/Properties.html,494,../assets/pictures/whatsapp-image-2026-01-09-at-16.11.40.jpeg,pages/assets/pictures/whatsapp-image-2026-01-09-at-16.11.40.jpeg
pages/public/Properties.html,501,../assets/pictures/whatsapp-image-2026-01-09-at-16.11.40.jpeg,pages/assets/pictures/whatsapp-image-2026-01-09-at-16.11.40.jpeg
pages/public/Properties.html,508,../assets/pictures/whatsapp-image-2026-01-09-at-16.11.40.jpeg,pages/assets/pictures/whatsapp-image-2026-01-09-at-16.11.40.jpeg
pages/public/Properties.html,515,../assets/pictures/whatsapp-image-2026-01-09-at-16.11.40.jpeg,pages/assets/pictures/whatsapp-image-2026-01-09-at-16.11.40.jpeg
pages/public/Properties.html,522,../assets/pictures/whatsapp-image-2026-01-09-at-16.11.40.jpeg,pages/assets/pictures/whatsapp-image-2026-01-09-at-16.11.40.jpeg
pages/public/Properties.html,529,../assets/pictures/whatsapp-image-2026-01-09-at-16.11.40.jpeg,pages/assets/pictures/whatsapp-image-2026-01-09-at-16.11.40.jpeg
pages/public/Properties.html,536,../assets/pictures/whatsapp-image-2026-01-09-at-16.11.40.jpeg,pages/assets/pictures/whatsapp-image-2026-01-09-at-16.11.40.jpeg
pages/public/Properties.html,543,../assets/pictures/whatsapp-image-2026-01-09-at-16.11.40.jpeg,pages/assets/pictures/whatsapp-image-2026-01-09-at-16.11.40.jpeg
pages/public/Properties.html,556,../assets/pictures/whatsapp-image-2026-01-09-at-16.11.40.jpeg,pages/assets/pictures/whatsapp-image-2026-01-09-at-16.11.40.jpeg
pages/public/Properties.html,564,../assets/pictures/whatsapp-image-2026-01-09-at-16.11.40.jpeg,pages/assets/pictures/whatsapp-image-2026-01-09-at-16.11.40.jpeg
pages/public/Properties.html,572,../assets/pictures/whatsapp-image-2026-01-09-at-16.11.40.jpeg,pages/assets/pictures/whatsapp-image-2026-01-09-at-16.11.40.jpeg
pages/public/Properties.html,580,../assets/pictures/whatsapp-image-2026-01-09-at-16.11.40.jpeg,pages/assets/pictures/whatsapp-image-2026-01-09-at-16.11.40.jpeg
pages/public/Properties.html,589,../assets/pictures/whatsapp-image-2026-01-09-at-16.11.40.jpeg,pages/assets/pictures/whatsapp-image-2026-01-09-at-16.11.40.jpeg
pages/public/Properties.html,597,../assets/pictures/whatsapp-image-2026-01-09-at-16.11.40.jpeg,pages/assets/pictures/whatsapp-image-2026-01-09-at-16.11.40.jpeg
pages/public/Properties.html,605,../assets/pictures/whatsapp-image-2026-01-09-at-16.11.40.jpeg,pages/assets/pictures/whatsapp-image-2026-01-09-at-16.11.40.jpeg
pages/public/Properties.html,613,../assets/pictures/whatsapp-image-2026-01-09-at-16.11.40.jpeg,pages/assets/pictures/whatsapp-image-2026-01-09-at-16.11.40.jpeg
pages/public/Properties.html,622,../assets/pictures/whatsapp-image-2026-01-09-at-16.11.40.jpeg,pages/assets/pictures/whatsapp-image-2026-01-09-at-16.11.40.jpeg
pages/public/Properties.html,631,../assets/pictures/whatsapp-image-2026-01-09-at-16.11.40.jpeg,pages/assets/pictures/whatsapp-image-2026-01-09-at-16.11.40.jpeg
pages/public/Properties.html,640,../assets/pictures/whatsapp-image-2026-01-09-at-16.11.40.jpeg,pages/assets/pictures/whatsapp-image-2026-01-09-at-16.11.40.jpeg
pages/public/Properties.html,649,../assets/pictures/whatsapp-image-2026-01-09-at-16.11.40.jpeg,pages/assets/pictures/whatsapp-image-2026-01-09-at-16.11.40.jpeg
pages/public/Properties.html,658,../assets/pictures/whatsapp-image-2026-01-09-at-16.11.40.jpeg,pages/assets/pictures/whatsapp-image-2026-01-09-at-16.11.40.jpeg
pages/public/Properties.html,667,../assets/pictures/whatsapp-image-2026-01-09-at-16.11.40.jpeg,pages/assets/pictures/whatsapp-image-2026-01-09-at-16.11.40.jpeg
pages/public/Properties.html,676,../assets/pictures/whatsapp-image-2026-01-09-at-16.11.40.jpeg,pages/assets/pictures/whatsapp-image-2026-01-09-at-16.11.40.jpeg
pages/public/Properties.html,685,../assets/pictures/whatsapp-image-2026-01-09-at-16.11.40.jpeg,pages/assets/pictures/whatsapp-image-2026-01-09-at-16.11.40.jpeg
pages/public/Properties.html,694,../assets/pictures/whatsapp-image-2026-01-09-at-16.11.40.jpeg,pages/assets/pictures/whatsapp-image-2026-01-09-at-16.11.40.jpeg
pages/public/Properties.html,703,../assets/pictures/whatsapp-image-2026-01-09-at-16.11.40.jpeg,pages/assets/pictures/whatsapp-image-2026-01-09-at-16.11.40.jpeg
pages/public/Properties.html,711,../assets/pictures/whatsapp-image-2026-01-09-at-16.11.40.jpeg,pages/assets/pictures/whatsapp-image-2026-01-09-at-16.11.40.jpeg
pages/public/Properties.html,720,../assets/pictures/whatsapp-image-2026-01-09-at-16.11.40.jpeg,pages/assets/pictures/whatsapp-image-2026-01-09-at-16.11.40.jpeg
pages/public/Properties.html,729,../assets/pictures/whatsapp-image-2026-01-09-at-16.11.40.jpeg,pages/assets/pictures/whatsapp-image-2026-01-09-at-16.11.40.jpeg
pages/public/Properties.html,738,../assets/pictures/whatsapp-image-2026-01-09-at-16.11.40.jpeg,pages/assets/pictures/whatsapp-image-2026-01-09-at-16.11.40.jpeg
pages/public/Properties.html,747,../assets/pictures/whatsapp-image-2026-01-09-at-16.11.40.jpeg,pages/assets/pictures/whatsapp-image-2026-01-09-at-16.11.40.jpeg
pages/public/Properties.html,756,../assets/pictures/whatsapp-image-2026-01-09-at-16.11.40.jpeg,pages/assets/pictures/whatsapp-image-2026-01-09-at-16.11.40.jpeg
pages/public/Properties.html,766,../assets/pictures/whatsapp-image-2026-01-09-at-16.11.40.jpeg,pages/assets/pictures/whatsapp-image-2026-01-09-at-16.11.40.jpeg
pages/public/Properties.html,775,../assets/pictures/whatsapp-image-2026-01-09-at-16.11.40.jpeg,pages/assets/pictures/whatsapp-image-2026-01-09-at-16.11.40.jpeg
pages/public/Properties.html,785,../assets/pictures/whatsapp-image-2026-01-09-at-16.11.40.jpeg,pages/assets/pictures/whatsapp-image-2026-01-09-at-16.11.40.jpeg
pages/public/Properties.html,794,../assets/pictures/whatsapp-image-2026-01-09-at-16.11.40.jpeg,pages/assets/pictures/whatsapp-image-2026-01-09-at-16.11.40.jpeg
pages/public/Properties.html,803,../assets/pictures/whatsapp-image-2026-01-09-at-16.11.40.jpeg,pages/assets/pictures/whatsapp-image-2026-01-09-at-16.11.40.jpeg
pages/public/Properties.html,813,../assets/pictures/whatsapp-image-2026-01-09-at-16.11.40.jpeg,pages/assets/pictures/whatsapp-image-2026-01-09-at-16.11.40.jpeg
pages/public/Properties.html,823,../assets/pictures/whatsapp-image-2026-01-09-at-16.11.40.jpeg,pages/assets/pictures/whatsapp-image-2026-01-09-at-16.11.40.jpeg
pages/public/Properties.html,833,../assets/pictures/whatsapp-image-2026-01-09-at-16.11.40.jpeg,pages/assets/pictures/whatsapp-image-2026-01-09-at-16.11.40.jpeg
pages/public/Properties.html,843,../assets/pictures/whatsapp-image-2026-01-09-at-16.11.40.jpeg,pages/assets/pictures/whatsapp-image-2026-01-09-at-16.11.40.jpeg
pages/public/Properties.html,853,../assets/pictures/whatsapp-image-2026-01-09-at-16.11.40.jpeg,pages/assets/pictures/whatsapp-image-2026-01-09-at-16.11.40.jpeg
pages/public/Properties.html,862,../assets/pictures/whatsapp-image-2026-01-09-at-16.11.40.jpeg,pages/assets/pictures/whatsapp-image-2026-01-09-at-16.11.40.jpeg
pages/public/Properties.html,871,../assets/pictures/whatsapp-image-2026-01-09-at-16.11.40.jpeg,pages/assets/pictures/whatsapp-image-2026-01-09-at-16.11.40.jpeg
pages/public/Properties.html,880,../assets/pictures/whatsapp-image-2026-01-09-at-16.11.40.jpeg,pages/assets/pictures/whatsapp-image-2026-01-09-at-16.11.40.jpeg
pages/public/Properties.html,889,../assets/pictures/whatsapp-image-2026-01-09-at-16.11.40.jpeg,pages/assets/pictures/whatsapp-image-2026-01-09-at-16.11.40.jpeg
pages/public/Properties.html,899,../assets/pictures/whatsapp-image-2026-01-09-at-16.11.40.jpeg,pages/assets/pictures/whatsapp-image-2026-01-09-at-16.11.40.jpeg
pages/public/Properties.html,908,../assets/pictures/whatsapp-image-2026-01-09-at-16.11.40.jpeg,pages/assets/pictures/whatsapp-image-2026-01-09-at-16.11.40.jpeg
pages/public/Properties.html,917,../assets/pictures/whatsapp-image-2026-01-09-at-16.11.40.jpeg,pages/assets/pictures/whatsapp-image-2026-01-09-at-16.11.40.jpeg
pages/public/Properties.html,927,../assets/pictures/whatsapp-image-2026-01-09-at-16.11.40.jpeg,pages/assets/pictures/whatsapp-image-2026-01-09-at-16.11.40.jpeg
pages/public/Properties.html,936,../assets/pictures/whatsapp-image-2026-01-09-at-16.11.40.jpeg,pages/assets/pictures/whatsapp-image-2026-01-09-at-16.11.40.jpeg
pages/public/Properties.html,944,../assets/pictures/whatsapp-image-2026-01-09-at-16.11.40.jpeg,pages/assets/pictures/whatsapp-image-2026-01-09-at-16.11.40.jpeg
pages/public/Properties.html,953,../assets/pictures/whatsapp-image-2026-01-09-at-16.11.40.jpeg,pages/assets/pictures/whatsapp-image-2026-01-09-at-16.11.40.jpeg
pages/public/Properties.html,961,../assets/pictures/whatsapp-image-2026-01-09-at-16.11.40.jpeg,pages/assets/pictures/whatsapp-image-2026-01-09-at-16.11.40.jpeg
pages/public/Properties.html,969,../assets/pictures/whatsapp-image-2026-01-09-at-16.11.40.jpeg,pages/assets/pictures/whatsapp-image-2026-01-09-at-16.11.40.jpeg
pages/public/Properties.html,977,../assets/pictures/whatsapp-image-2026-01-09-at-16.11.40.jpeg,pages/assets/pictures/whatsapp-image-2026-01-09-at-16.11.40.jpeg
pages/public/Properties.html,985,../assets/pictures/whatsapp-image-2026-01-09-at-16.11.40.jpeg,pages/assets/pictures/whatsapp-image-2026-01-09-at-16.11.40.jpeg
pages/public/Properties.html,993,../assets/pictures/whatsapp-image-2026-01-09-at-16.11.40.jpeg,pages/assets/pictures/whatsapp-image-2026-01-09-at-16.11.40.jpeg
pages/public/Properties.html,1001,../assets/pictures/whatsapp-image-2026-01-09-at-16.11.40.jpeg,pages/assets/pictures/whatsapp-image-2026-01-09-at-16.11.40.jpeg
pages/public/Properties.html,1016,../assets/pictures/whatsapp-image-2026-01-09-at-16.11.40.jpeg,pages/assets/pictures/whatsapp-image-2026-01-09-at-16.11.40.jpeg
pages/public/Properties.html,1024,../assets/pictures/whatsapp-image-2026-01-09-at-16.11.40.jpeg,pages/assets/pictures/whatsapp-image-2026-01-09-at-16.11.40.jpeg
pages/public/Properties.html,1032,../assets/pictures/whatsapp-image-2026-01-09-at-16.11.40.jpeg,pages/assets/pictures/whatsapp-image-2026-01-09-at-16.11.40.jpeg
pages/public/Properties.html,1040,../assets/pictures/whatsapp-image-2026-01-09-at-16.11.40.jpeg,pages/assets/pictures/whatsapp-image-2026-01-09-at-16.11.40.jpeg
pages/public/Properties.html,1048,../assets/pictures/whatsapp-image-2026-01-09-at-16.11.40.jpeg,pages/assets/pictures/whatsapp-image-2026-01-09-at-16.11.40.jpeg
pages/public/Properties.html,1056,../assets/pictures/whatsapp-image-2026-01-09-at-16.11.40.jpeg,pages/assets/pictures/whatsapp-image-2026-01-09-at-16.11.40.jpeg
pages/public/Properties.html,1064,../assets/pictures/whatsapp-image-2026-01-09-at-16.11.40.jpeg,pages/assets/pictures/whatsapp-image-2026-01-09-at-16.11.40.jpeg
pages/public/Properties.html,1072,../assets/pictures/whatsapp-image-2026-01-09-at-16.11.40.jpeg,pages/assets/pictures/whatsapp-image-2026-01-09-at-16.11.40.jpeg
pages/public/Properties.html,1080,../assets/pictures/whatsapp-image-2026-01-09-at-16.11.40.jpeg,pages/assets/pictures/whatsapp-image-2026-01-09-at-16.11.40.jpeg
pages/public/Properties.html,1088,../assets/pictures/whatsapp-image-2026-01-09-at-16.11.40.jpeg,pages/assets/pictures/whatsapp-image-2026-01-09-at-16.11.40.jpeg
pages/public/Properties.html,1096,../assets/pictures/whatsapp-image-2026-01-09-at-16.11.40.jpeg,pages/assets/pictures/whatsapp-image-2026-01-09-at-16.11.40.jpeg
pages/public/Properties.html,1104,../assets/pictures/whatsapp-image-2026-01-09-at-16.11.40.jpeg,pages/assets/pictures/whatsapp-image-2026-01-09-at-16.11.40.jpeg
pages/public/Properties.html,1112,../assets/pictures/whatsapp-image-2026-01-09-at-16.11.40.jpeg,pages/assets/pictures/whatsapp-image-2026-01-09-at-16.11.40.jpeg
pages/public/Properties.html,1120,../assets/pictures/whatsapp-image-2026-01-09-at-16.11.40.jpeg,pages/assets/pictures/whatsapp-image-2026-01-09-at-16.11.40.jpeg
pages/public/Properties.html,1128,../assets/pictures/whatsapp-image-2026-01-09-at-16.11.40.jpeg,pages/assets/pictures/whatsapp-image-2026-01-09-at-16.11.40.jpeg
pages/public/Properties.html,1136,../assets/pictures/whatsapp-image-2026-01-09-at-16.11.40.jpeg,pages/assets/pictures/whatsapp-image-2026-01-09-at-16.11.40.jpeg
pages/public/Properties.html,1144,../assets/pictures/whatsapp-image-2026-01-09-at-16.11.40.jpeg,pages/assets/pictures/whatsapp-image-2026-01-09-at-16.11.40.jpeg
pages/public/Properties.html,1152,../assets/pictures/whatsapp-image-2026-01-09-at-16.11.40.jpeg,pages/assets/pictures/whatsapp-image-2026-01-09-at-16.11.40.jpeg
pages/public/Properties.html,1160,../assets/pictures/whatsapp-image-2026-01-09-at-16.11.40.jpeg,pages/assets/pictures/whatsapp-image-2026-01-09-at-16.11.40.jpeg
pages/public/Properties.html,1168,../assets/pictures/whatsapp-image-2026-01-09-at-16.11.40.jpeg,pages/assets/pictures/whatsapp-image-2026-01-09-at-16.11.40.jpeg
pages/public/Properties.html,1177,../assets/pictures/whatsapp-image-2026-01-09-at-16.11.40.jpeg,pages/assets/pictures/whatsapp-image-2026-01-09-at-16.11.40.jpeg
pages/public/Properties.html,1185,../assets/pictures/whatsapp-image-2026-01-09-at-16.11.40.jpeg,pages/assets/pictures/whatsapp-image-2026-01-09-at-16.11.40.jpeg
pages/public/Properties.html,1193,../assets/pictures/whatsapp-image-2026-01-09-at-16.11.40.jpeg,pages/assets/pictures/whatsapp-image-2026-01-09-at-16.11.40.jpeg
pages/public/Properties.html,1201,../assets/pictures/whatsapp-image-2026-01-09-at-16.11.40.jpeg,pages/assets/pictures/whatsapp-image-2026-01-09-at-16.11.40.jpeg
pages/public/Properties.html,1209,../assets/pictures/whatsapp-image-2026-01-09-at-16.11.40.jpeg,pages/assets/pictures/whatsapp-image-2026-01-09-at-16.11.40.jpeg
pages/public/Properties.html,1217,../assets/pictures/whatsapp-image-2026-01-09-at-16.11.40.jpeg,pages/assets/pictures/whatsapp-image-2026-01-09-at-16.11.40.jpeg
pages/public/Properties.html,1225,../assets/pictures/whatsapp-image-2026-01-09-at-16.11.40.jpeg,pages/assets/pictures/whatsapp-image-2026-01-09-at-16.11.40.jpeg
pages/public/Properties.html,1233,../assets/pictures/whatsapp-image-2026-01-09-at-16.11.40.jpeg,pages/assets/pictures/whatsapp-image-2026-01-09-at-16.11.40.jpeg
pages/public/Properties.html,1241,../assets/pictures/whatsapp-image-2026-01-09-at-16.11.40.jpeg,pages/assets/pictures/whatsapp-image-2026-01-09-at-16.11.40.jpeg
pages/public/Properties.html,1249,../assets/pictures/whatsapp-image-2026-01-09-at-16.11.40.jpeg,pages/assets/pictures/whatsapp-image-2026-01-09-at-16.11.40.jpeg
pages/public/Properties.html,1257,../assets/pictures/whatsapp-image-2026-01-09-at-16.11.40.jpeg,pages/assets/pictures/whatsapp-image-2026-01-09-at-16.11.40.jpeg
pages/public/Properties.html,1265,../assets/pictures/whatsapp-image-2026-01-09-at-16.11.40.jpeg,pages/assets/pictures/whatsapp-image-2026-01-09-at-16.11.40.jpeg
pages/public/Properties.html,1273,../assets/pictures/whatsapp-image-2026-01-09-at-16.11.40.jpeg,pages/assets/pictures/whatsapp-image-2026-01-09-at-16.11.40.jpeg
pages/public/Properties.html,1281,../assets/pictures/whatsapp-image-2026-01-09-at-16.11.40.jpeg,pages/assets/pictures/whatsapp-image-2026-01-09-at-16.11.40.jpeg
pages/public/Properties.html,1289,../assets/pictures/whatsapp-image-2026-01-09-at-16.11.40.jpeg,pages/assets/pictures/whatsapp-image-2026-01-09-at-16.11.40.jpeg
pages/public/Properties.html,1297,../assets/pictures/whatsapp-image-2026-01-09-at-16.11.40.jpeg,pages/assets/pictures/whatsapp-image-2026-01-09-at-16.11.40.jpeg
pages/public/Properties.html,1305,../assets/pictures/whatsapp-image-2026-01-09-at-16.11.40.jpeg,pages/assets/pictures/whatsapp-image-2026-01-09-at-16.11.40.jpeg
pages/public/Properties.html,1313,../assets/pictures/whatsapp-image-2026-01-09-at-16.11.40.jpeg,pages/assets/pictures/whatsapp-image-2026-01-09-at-16.11.40.jpeg
pages/public/Properties.html,1321,../assets/pictures/whatsapp-image-2026-01-09-at-16.11.40.jpeg,pages/assets/pictures/whatsapp-image-2026-01-09-at-16.11.40.jpeg
pages/public/Properties.html,1329,../assets/pictures/whatsapp-image-2026-01-09-at-16.11.40.jpeg,pages/assets/pictures/whatsapp-image-2026-01-09-at-16.11.40.jpeg
pages/public/Properties.html,1337,../assets/pictures/whatsapp-image-2026-01-09-at-16.11.40.jpeg,pages/assets/pictures/whatsapp-image-2026-01-09-at-16.11.40.jpeg
pages/public/Rent.html,11,../assets/pictures/gemini_generated_image_yvrl7oyvrl7oyvrl.png,pages/assets/pictures/gemini_generated_image_yvrl7oyvrl7oyvrl.png
pages/public/Rent.html,12,../assets/css/general-styling.css,pages/assets/css/general-styling.css
pages/public/Rent.html,13,../assets/js/juba-homez.js,pages/assets/js/juba-homez.js
pages/public/Rent.html,26,../assets/pictures/juba-homez-logo.png,pages/assets/pictures/juba-homez-logo.png
pages/public/RockCity.html,8,../assets/pictures/gemini_generated_image_yvrl7oyvrl7oyvrl.png,pages/assets/pictures/gemini_generated_image_yvrl7oyvrl7oyvrl.png
pages/public/RockCity.html,10,../assets/css/general-styling.css,pages/assets/css/general-styling.css
pages/public/RockCity.html,205,../assets/pictures/whatsapp-image-2026-01-09-at-16.11.40.jpeg,pages/assets/pictures/whatsapp-image-2026-01-09-at-16.11.40.jpeg
pages/public/RockCity.html,280,../assets/pictures/whatsapp-image-2026-01-09-at-16.11.40.jpeg,pages/assets/pictures/whatsapp-image-2026-01-09-at-16.11.40.jpeg
pages/public/RockCity.html,342,../assets/pictures/whatsapp-image-2026-01-09-at-16.11.40.jpeg,pages/assets/pictures/whatsapp-image-2026-01-09-at-16.11.40.jpeg
pages/public/RockCity.html,405,../assets/pictures/whatsapp-image-2026-01-09-at-16.11.40.jpeg,pages/assets/pictures/whatsapp-image-2026-01-09-at-16.11.40.jpeg
pages/public/RockCity.html,468,../assets/pictures/whatsapp-image-2026-01-09-at-16.11.40.jpeg,pages/assets/pictures/whatsapp-image-2026-01-09-at-16.11.40.jpeg
pages/public/RockCity.html,532,../assets/pictures/whatsapp-image-2026-01-09-at-16.11.40.jpeg,pages/assets/pictures/whatsapp-image-2026-01-09-at-16.11.40.jpeg
pages/public/RockCity.html,596,../assets/pictures/whatsapp-image-2026-01-09-at-16.11.40.jpeg,pages/assets/pictures/whatsapp-image-2026-01-09-at-16.11.40.jpeg
pages/public/RockCity.html,660,../assets/pictures/whatsapp-image-2026-01-09-at-16.11.40.jpeg,pages/assets/pictures/whatsapp-image-2026-01-09-at-16.11.40.jpeg
pages/public/RockCity.html,725,../assets/pictures/whatsapp-image-2026-01-09-at-16.11.40.jpeg,pages/assets/pictures/whatsapp-image-2026-01-09-at-16.11.40.jpeg
pages/public/RockCity.html,789,../assets/pictures/whatsapp-image-2026-01-09-at-16.11.40.jpeg,pages/assets/pictures/whatsapp-image-2026-01-09-at-16.11.40.jpeg
pages/public/RockCity.html,854,../assets/pictures/whatsapp-image-2026-01-09-at-16.11.40.jpeg,pages/assets/pictures/whatsapp-image-2026-01-09-at-16.11.40.jpeg
pages/public/RockCity.html,918,../assets/pictures/whatsapp-image-2026-01-09-at-16.11.40.jpeg,pages/assets/pictures/whatsapp-image-2026-01-09-at-16.11.40.jpeg
pages/public/RockCity.html,982,../assets/pictures/whatsapp-image-2026-01-09-at-16.11.40.jpeg,pages/assets/pictures/whatsapp-image-2026-01-09-at-16.11.40.jpeg
pages/public/RockCity.html,1047,../assets/pictures/whatsapp-image-2026-01-09-at-16.11.40.jpeg,pages/assets/pictures/whatsapp-image-2026-01-09-at-16.11.40.jpeg
pages/public/RockCity.html,1112,../assets/pictures/whatsapp-image-2026-01-09-at-16.11.40.jpeg,pages/assets/pictures/whatsapp-image-2026-01-09-at-16.11.40.jpeg
pages/public/RockCity.html,1178,../assets/pictures/whatsapp-image-2026-01-09-at-16.11.40.jpeg,pages/assets/pictures/whatsapp-image-2026-01-09-at-16.11.40.jpeg
pages/public/RockCity.html,1242,../assets/pictures/whatsapp-image-2026-01-09-at-16.11.40.jpeg,pages/assets/pictures/whatsapp-image-2026-01-09-at-16.11.40.jpeg
pages/public/RockCity.html,1307,../assets/pictures/whatsapp-image-2026-01-09-at-16.11.40.jpeg,pages/assets/pictures/whatsapp-image-2026-01-09-at-16.11.40.jpeg
pages/public/RockCity.html,1371,../assets/pictures/whatsapp-image-2026-01-09-at-16.11.40.jpeg,pages/assets/pictures/whatsapp-image-2026-01-09-at-16.11.40.jpeg
pages/public/RockCity.html,1436,../assets/pictures/whatsapp-image-2026-01-09-at-16.11.40.jpeg,pages/assets/pictures/whatsapp-image-2026-01-09-at-16.11.40.jpeg
pages/public/RockCity.html,1500,../assets/pictures/whatsapp-image-2026-01-09-at-16.11.40.jpeg,pages/assets/pictures/whatsapp-image-2026-01-09-at-16.11.40.jpeg
pages/public/RockCity.html,1564,../assets/pictures/whatsapp-image-2026-01-09-at-16.11.40.jpeg,pages/assets/pictures/whatsapp-image-2026-01-09-at-16.11.40.jpeg
pages/public/RockCity.html,1628,../assets/pictures/whatsapp-image-2026-01-09-at-16.11.40.jpeg,pages/assets/pictures/whatsapp-image-2026-01-09-at-16.11.40.jpeg
pages/public/RockCity.html,1692,../assets/pictures/whatsapp-image-2026-01-09-at-16.11.40.jpeg,pages/assets/pictures/whatsapp-image-2026-01-09-at-16.11.40.jpeg
pages/public/RockCity.html,1756,../assets/pictures/whatsapp-image-2026-01-09-at-16.11.40.jpeg,pages/assets/pictures/whatsapp-image-2026-01-09-at-16.11.40.jpeg
pages/public/RockCity.html,1820,../assets/pictures/whatsapp-image-2026-01-09-at-16.11.40.jpeg,pages/assets/pictures/whatsapp-image-2026-01-09-at-16.11.40.jpeg
pages/public/RockCity.html,1884,../assets/pictures/whatsapp-image-2026-01-09-at-16.11.40.jpeg,pages/assets/pictures/whatsapp-image-2026-01-09-at-16.11.40.jpeg
pages/public/RockCity.html,1948,../assets/pictures/whatsapp-image-2026-01-09-at-16.11.40.jpeg,pages/assets/pictures/whatsapp-image-2026-01-09-at-16.11.40.jpeg
pages/public/RockCity.html,2012,../assets/pictures/whatsapp-image-2026-01-09-at-16.11.40.jpeg,pages/assets/pictures/whatsapp-image-2026-01-09-at-16.11.40.jpeg
pages/public/RockCity.html,2076,../assets/pictures/whatsapp-image-2026-01-09-at-16.11.40.jpeg,pages/assets/pictures/whatsapp-image-2026-01-09-at-16.11.40.jpeg
pages/public/RockCity.html,2140,../assets/pictures/whatsapp-image-2026-01-09-at-16.11.40.jpeg,pages/assets/pictures/whatsapp-image-2026-01-09-at-16.11.40.jpeg
pages/public/RockCity.html,2206,../assets/pictures/living-room.jpg,pages/assets/pictures/living-room.jpg
pages/public/RockCity.html,2210,../assets/pictures/living-room.jpg,pages/assets/pictures/living-room.jpg
pages/public/RockCity.html,2212,../assets/pictures/kitchen.jpg,pages/assets/pictures/kitchen.jpg
pages/public/RockCity.html,2214,../assets/pictures/bedroom.jpg,pages/assets/pictures/bedroom.jpg
pages/public/RockCity.html,2216,../assets/pictures/bathroom.jpg,pages/assets/pictures/bathroom.jpg
pages/public/RockCity.html,2283,../assets/pictures/whatsapp-image-2026-01-09-at-16.11.40.jpeg,pages/assets/pictures/whatsapp-image-2026-01-09-at-16.11.40.jpeg
pages/public/Search.html,10,../assets/pictures/gemini_generated_image_yvrl7oyvrl7oyvrl.png,pages/assets/pictures/gemini_generated_image_yvrl7oyvrl7oyvrl.png
pages/public/Search.html,11,../assets/css/general-styling.css,pages/assets/css/general-styling.css
pages/public/Search.html,12,../assets/js/juba-homez.js,pages/assets/js/juba-homez.js
pages/public/Search.html,19,../assets/pictures/gemini_generated_image_yvrl7oyvrl7oyvrl.png,pages/assets/pictures/gemini_generated_image_yvrl7oyvrl7oyvrl.png
pages/public/Services.html,11,../assets/pictures/gemini_generated_image_yvrl7oyvrl7oyvrl.png,pages/assets/pictures/gemini_generated_image_yvrl7oyvrl7oyvrl.png
pages/public/Services.html,12,../assets/css/general-styling.css,pages/assets/css/general-styling.css
pages/public/Services.html,40,../assets/js/juba-homez.js,pages/assets/js/juba-homez.js
pages/public/Services.html,53,../assets/pictures/juba-homez-logo.png,pages/assets/pictures/juba-homez-logo.png
pages/public/Services.html,78,../assets/pictures/property1.jpg,pages/assets/pictures/property1.jpg
pages/public/Services.html,85,../assets/pictures/property2.jpg,pages/assets/pictures/property2.jpg
pages/public/Services.html,92,../assets/pictures/property3.jpg,pages/assets/pictures/property3.jpg
pages/public/Services.html,99,../assets/pictures/property4.jpg,pages/assets/pictures/property4.jpg
